INFO:werkzeug:[31m[1mWARNING: This is a development server. Do not use it in a production deployment. Use a production WSGI server instead.[0m
 * Running on all addresses (0.0.0.0)
 * Running on http://127.0.0.1:8000
 * Running on http://192.168.27.128:8000
INFO:werkzeug:[33mPress CTRL+C to quit[0m
INFO:werkzeug: * Restarting with stat
WARNING:werkzeug: * Debugger is active!
INFO:werkzeug: * Debugger PIN: 145-870-996
INFO:werkzeug:[31m[1mWARNING: This is a development server. Do not use it in a production deployment. Use a production WSGI server instead.[0m
 * Running on all addresses (0.0.0.0)
 * Running on http://127.0.0.1:8000
 * Running on http://192.168.27.128:8000
INFO:werkzeug:[33mPress CTRL+C to quit[0m
INFO:werkzeug: * Restarting with stat
WARNING:werkzeug: * Debugger is active!
INFO:werkzeug: * Debugger PIN: 145-870-996
INFO:werkzeug:127.0.0.1 - - [22/Feb/2026 11:21:13] "OPTIONS /api/Auth/signup HTTP/1.1" 200 -
INFO:sqlalchemy.engine.Engine:select pg_catalog.version()
INFO:sqlalchemy.engine.Engine:[raw sql] {}
INFO:sqlalchemy.engine.Engine:select current_schema()
INFO:sqlalchemy.engine.Engine:[raw sql] {}
INFO:sqlalchemy.engine.Engine:show standard_conforming_strings
INFO:sqlalchemy.engine.Engine:[raw sql] {}
INFO:sqlalchemy.engine.Engine:BEGIN (implicit)
INFO:sqlalchemy.engine.Engine:SELECT "Users".id AS "Users_id", "Users".user_type AS "Users_user_type", "Users".first_name AS "Users_first_name", "Users".second_name AS "Users_second_name", "Users".email AS "Users_email", "Users".is_verified AS "Users_is_verified", "Users".domain_name AS "Users_domain_name", "Users".role AS "Users_role", "Users".reference_number AS "Users_reference_number", "Users".password_hash AS "Users_password_hash" 
FROM "Users" 
WHERE "Users".email = %(email_1)s 
 LIMIT %(param_1)s
INFO:sqlalchemy.engine.Engine:[generated in 0.00024s] {'email_1': 'mwangijoe@gmail.com', 'param_1': 1}
INFO:sqlalchemy.engine.Engine:SELECT "DomainOwner".id AS "DomainOwner_id", "DomainOwner".user_type AS "DomainOwner_user_type", "DomainOwner".first_name AS "DomainOwner_first_name", "DomainOwner".last_name AS "DomainOwner_last_name", "DomainOwner".username AS "DomainOwner_username", "DomainOwner".is_verified AS "DomainOwner_is_verified", "DomainOwner".email AS "DomainOwner_email", "DomainOwner".domain_field AS "DomainOwner_domain_field", "DomainOwner".reference_number AS "DomainOwner_reference_number", "DomainOwner".password_hash AS "DomainOwner_password_hash" 
FROM "DomainOwner" 
WHERE "DomainOwner".email = %(email_1)s 
 LIMIT %(param_1)s
INFO:sqlalchemy.engine.Engine:[generated in 0.00026s] {'email_1': 'mwangijoe@gmail.com', 'param_1': 1}
INFO:sqlalchemy.engine.Engine:SELECT "DomainOwner".id AS "DomainOwner_id", "DomainOwner".user_type AS "DomainOwner_user_type", "DomainOwner".first_name AS "DomainOwner_first_name", "DomainOwner".last_name AS "DomainOwner_last_name", "DomainOwner".username AS "DomainOwner_username", "DomainOwner".is_verified AS "DomainOwner_is_verified", "DomainOwner".email AS "DomainOwner_email", "DomainOwner".domain_field AS "DomainOwner_domain_field", "DomainOwner".reference_number AS "DomainOwner_reference_number", "DomainOwner".password_hash AS "DomainOwner_password_hash" 
FROM "DomainOwner" 
WHERE "DomainOwner".username = %(username_1)s 
 LIMIT %(param_1)s
INFO:sqlalchemy.engine.Engine:[generated in 0.00038s] {'username_1': 'mwangi', 'param_1': 1}
INFO:sqlalchemy.engine.Engine:INSERT INTO "DomainOwner" (user_type, first_name, last_name, username, is_verified, email, domain_field, reference_number, password_hash) VALUES (%(user_type)s, %(first_name)s, %(last_name)s, %(username)s, %(is_verified)s, %(email)s, %(domain_field)s, %(reference_number)s, %(password_hash)s) RETURNING "DomainOwner".id
INFO:sqlalchemy.engine.Engine:[generated in 0.00027s] {'user_type': 'DomainOwner', 'first_name': 'joe', 'last_name': 'mwangi', 'username': 'mwangi', 'is_verified': False, 'email': 'mwangijoe@gmail.com', 'domain_field': 'Agriculture', 'reference_number': None, 'password_hash': 'scrypt:32768:8:1$rewXHBLSacZEi9IW$a55210de7fcc4cf1463619edfe9a8e130cb89c0599a77056a3db1a2711a7c54b968d38c81e7b1f985592f1d2cf7b20d68966a4237504884e62187818b1615084'}
INFO:sqlalchemy.engine.Engine:COMMIT
INFO:sqlalchemy.engine.Engine:BEGIN (implicit)
INFO:sqlalchemy.engine.Engine:SELECT "DomainOwner".id AS "DomainOwner_id", "DomainOwner".user_type AS "DomainOwner_user_type", "DomainOwner".first_name AS "DomainOwner_first_name", "DomainOwner".last_name AS "DomainOwner_last_name", "DomainOwner".username AS "DomainOwner_username", "DomainOwner".is_verified AS "DomainOwner_is_verified", "DomainOwner".email AS "DomainOwner_email", "DomainOwner".domain_field AS "DomainOwner_domain_field", "DomainOwner".reference_number AS "DomainOwner_reference_number", "DomainOwner".password_hash AS "DomainOwner_password_hash" 
FROM "DomainOwner" 
WHERE "DomainOwner".id = %(pk_1)s
INFO:sqlalchemy.engine.Engine:[generated in 0.00024s] {'pk_1': 24}
INFO:sqlalchemy.engine.Engine:ROLLBACK
INFO:werkzeug:127.0.0.1 - - [22/Feb/2026 11:21:14] "[35m[1mPOST /api/Auth/signup HTTP/1.1[0m" 201 -
INFO:sqlalchemy.engine.Engine:BEGIN (implicit)
INFO:sqlalchemy.engine.Engine:SELECT "Users".id AS "Users_id", "Users".user_type AS "Users_user_type", "Users".first_name AS "Users_first_name", "Users".second_name AS "Users_second_name", "Users".email AS "Users_email", "Users".is_verified AS "Users_is_verified", "Users".domain_name AS "Users_domain_name", "Users".role AS "Users_role", "Users".reference_number AS "Users_reference_number", "Users".password_hash AS "Users_password_hash" 
FROM "Users" 
WHERE "Users".email = %(email_1)s 
 LIMIT %(param_1)s
INFO:sqlalchemy.engine.Engine:[cached since 33.22s ago] {'email_1': 'mwangijoe@gmail.com', 'param_1': 1}
INFO:sqlalchemy.engine.Engine:SELECT "DomainOwner".id AS "DomainOwner_id", "DomainOwner".user_type AS "DomainOwner_user_type", "DomainOwner".first_name AS "DomainOwner_first_name", "DomainOwner".last_name AS "DomainOwner_last_name", "DomainOwner".username AS "DomainOwner_username", "DomainOwner".is_verified AS "DomainOwner_is_verified", "DomainOwner".email AS "DomainOwner_email", "DomainOwner".domain_field AS "DomainOwner_domain_field", "DomainOwner".reference_number AS "DomainOwner_reference_number", "DomainOwner".password_hash AS "DomainOwner_password_hash" 
FROM "DomainOwner" 
WHERE "DomainOwner".email = %(email_1)s 
 LIMIT %(param_1)s
INFO:sqlalchemy.engine.Engine:[cached since 33.22s ago] {'email_1': 'mwangijoe@gmail.com', 'param_1': 1}
INFO:sqlalchemy.engine.Engine:UPDATE "DomainOwner" SET is_verified=%(is_verified)s WHERE "DomainOwner".id = %(DomainOwner_id)s
INFO:sqlalchemy.engine.Engine:[generated in 0.00033s] {'is_verified': True, 'DomainOwner_id': 24}
INFO:sqlalchemy.engine.Engine:COMMIT
INFO:sqlalchemy.engine.Engine:BEGIN (implicit)
INFO:sqlalchemy.engine.Engine:SELECT "DomainOwner".id AS "DomainOwner_id", "DomainOwner".user_type AS "DomainOwner_user_type", "DomainOwner".first_name AS "DomainOwner_first_name", "DomainOwner".last_name AS "DomainOwner_last_name", "DomainOwner".username AS "DomainOwner_username", "DomainOwner".is_verified AS "DomainOwner_is_verified", "DomainOwner".email AS "DomainOwner_email", "DomainOwner".domain_field AS "DomainOwner_domain_field", "DomainOwner".reference_number AS "DomainOwner_reference_number", "DomainOwner".password_hash AS "DomainOwner_password_hash" 
FROM "DomainOwner" 
WHERE "DomainOwner".id = %(pk_1)s
INFO:sqlalchemy.engine.Engine:[cached since 33.15s ago] {'pk_1': 24}
INFO:sqlalchemy.engine.Engine:ROLLBACK
INFO:werkzeug:127.0.0.1 - - [22/Feb/2026 11:21:47] "[32mGET /api/Auth/confirm/Im13YW5naWpvZUBnbWFpbC5jb20i.aZq8eg.JFbcHaA8emNTvwTCbsNrOhjC33w HTTP/1.1[0m" 302 -
INFO:werkzeug:127.0.0.1 - - [22/Feb/2026 11:22:30] "OPTIONS /api/domain HTTP/1.1" 200 -
INFO:sqlalchemy.engine.Engine:BEGIN (implicit)
INFO:sqlalchemy.engine.Engine:SELECT "DomainOwner".id AS "DomainOwner_id", "DomainOwner".user_type AS "DomainOwner_user_type", "DomainOwner".first_name AS "DomainOwner_first_name", "DomainOwner".last_name AS "DomainOwner_last_name", "DomainOwner".username AS "DomainOwner_username", "DomainOwner".is_verified AS "DomainOwner_is_verified", "DomainOwner".email AS "DomainOwner_email", "DomainOwner".domain_field AS "DomainOwner_domain_field", "DomainOwner".reference_number AS "DomainOwner_reference_number", "DomainOwner".password_hash AS "DomainOwner_password_hash" 
FROM "DomainOwner" 
WHERE "DomainOwner".id = %(pk_1)s
INFO:sqlalchemy.engine.Engine:[generated in 0.00101s] {'pk_1': '24'}
INFO:sqlalchemy.engine.Engine:SELECT domain.id AS domain_id, domain.owner_id AS domain_owner_id, domain.domain_name AS domain_domain_name, domain.is_active AS domain_is_active, domain.total_budget AS domain_total_budget, domain.amount_paid AS domain_amount_paid, domain.payment_status AS domain_payment_status, domain.target_goal AS domain_target_goal, domain.is_automated AS domain_is_automated, domain.reference_number AS domain_reference_number, domain.requirements AS domain_requirements 
FROM domain 
WHERE domain.domain_name = %(domain_name_1)s 
 LIMIT %(param_1)s
INFO:sqlalchemy.engine.Engine:[generated in 0.00112s] {'domain_name_1': 'agritech', 'param_1': 1}
INFO:sqlalchemy.engine.Engine:ROLLBACK
INFO:werkzeug:127.0.0.1 - - [22/Feb/2026 11:22:30] "[35m[1mPOST /api/domain HTTP/1.1[0m" 500 -
INFO:werkzeug:[31m[1mWARNING: This is a development server. Do not use it in a production deployment. Use a production WSGI server instead.[0m
 * Running on all addresses (0.0.0.0)
 * Running on http://127.0.0.1:8000
 * Running on http://192.168.27.128:8000
INFO:werkzeug:[33mPress CTRL+C to quit[0m
INFO:werkzeug: * Restarting with stat
WARNING:werkzeug: * Debugger is active!
INFO:werkzeug: * Debugger PIN: 145-870-996
INFO:werkzeug:127.0.0.1 - - [22/Feb/2026 11:39:55] "OPTIONS /api/domain HTTP/1.1" 200 -
INFO:sqlalchemy.engine.Engine:select pg_catalog.version()
INFO:sqlalchemy.engine.Engine:[raw sql] {}
INFO:sqlalchemy.engine.Engine:select current_schema()
INFO:sqlalchemy.engine.Engine:[raw sql] {}
INFO:sqlalchemy.engine.Engine:show standard_conforming_strings
INFO:sqlalchemy.engine.Engine:[raw sql] {}
INFO:sqlalchemy.engine.Engine:BEGIN (implicit)
INFO:sqlalchemy.engine.Engine:SELECT "DomainOwner".id AS "DomainOwner_id", "DomainOwner".user_type AS "DomainOwner_user_type", "DomainOwner".first_name AS "DomainOwner_first_name", "DomainOwner".last_name AS "DomainOwner_last_name", "DomainOwner".username AS "DomainOwner_username", "DomainOwner".is_verified AS "DomainOwner_is_verified", "DomainOwner".email AS "DomainOwner_email", "DomainOwner".domain_field AS "DomainOwner_domain_field", "DomainOwner".reference_number AS "DomainOwner_reference_number", "DomainOwner".password_hash AS "DomainOwner_password_hash" 
FROM "DomainOwner" 
WHERE "DomainOwner".id = %(pk_1)s
INFO:sqlalchemy.engine.Engine:[generated in 0.00033s] {'pk_1': '24'}
INFO:sqlalchemy.engine.Engine:SELECT domain.id AS domain_id, domain.owner_id AS domain_owner_id, domain.domain_name AS domain_domain_name, domain.is_active AS domain_is_active, domain.total_budget AS domain_total_budget, domain.amount_paid AS domain_amount_paid, domain.deposit_amount AS domain_deposit_amount, domain.payment_status AS domain_payment_status, domain.target_goal AS domain_target_goal, domain.is_automated AS domain_is_automated, domain.reference_number AS domain_reference_number, domain.requirements AS domain_requirements 
FROM domain 
WHERE domain.domain_name = %(domain_name_1)s 
 LIMIT %(param_1)s
INFO:sqlalchemy.engine.Engine:[generated in 0.00040s] {'domain_name_1': 'agriTech', 'param_1': 1}
INFO:sqlalchemy.engine.Engine:ROLLBACK
INFO:werkzeug:127.0.0.1 - - [22/Feb/2026 11:39:55] "[31m[1mPOST /api/domain HTTP/1.1[0m" 400 -
INFO:werkzeug:127.0.0.1 - - [22/Feb/2026 11:40:31] "OPTIONS /api/domain HTTP/1.1" 200 -
INFO:sqlalchemy.engine.Engine:BEGIN (implicit)
INFO:sqlalchemy.engine.Engine:SELECT "DomainOwner".id AS "DomainOwner_id", "DomainOwner".user_type AS "DomainOwner_user_type", "DomainOwner".first_name AS "DomainOwner_first_name", "DomainOwner".last_name AS "DomainOwner_last_name", "DomainOwner".username AS "DomainOwner_username", "DomainOwner".is_verified AS "DomainOwner_is_verified", "DomainOwner".email AS "DomainOwner_email", "DomainOwner".domain_field AS "DomainOwner_domain_field", "DomainOwner".reference_number AS "DomainOwner_reference_number", "DomainOwner".password_hash AS "DomainOwner_password_hash" 
FROM "DomainOwner" 
WHERE "DomainOwner".id = %(pk_1)s
INFO:sqlalchemy.engine.Engine:[cached since 35.38s ago] {'pk_1': '24'}
INFO:sqlalchemy.engine.Engine:SELECT domain.id AS domain_id, domain.owner_id AS domain_owner_id, domain.domain_name AS domain_domain_name, domain.is_active AS domain_is_active, domain.total_budget AS domain_total_budget, domain.amount_paid AS domain_amount_paid, domain.deposit_amount AS domain_deposit_amount, domain.payment_status AS domain_payment_status, domain.target_goal AS domain_target_goal, domain.is_automated AS domain_is_automated, domain.reference_number AS domain_reference_number, domain.requirements AS domain_requirements 
FROM domain 
WHERE domain.domain_name = %(domain_name_1)s 
 LIMIT %(param_1)s
INFO:sqlalchemy.engine.Engine:[cached since 35.37s ago] {'domain_name_1': 'AgriFintech', 'param_1': 1}
INFO:sqlalchemy.engine.Engine:INSERT INTO domain (owner_id, domain_name, is_active, total_budget, amount_paid, deposit_amount, payment_status, target_goal, is_automated, reference_number, requirements) VALUES (%(owner_id)s, %(domain_name)s, %(is_active)s, %(total_budget)s, %(amount_paid)s, %(deposit_amount)s, %(payment_status)s, %(target_goal)s, %(is_automated)s, %(reference_number)s, %(requirements)s) RETURNING domain.id
INFO:sqlalchemy.engine.Engine:[generated in 0.00143s] {'owner_id': '24', 'domain_name': 'AgriFintech', 'is_active': False, 'total_budget': '20002000200020002000200020002000200020002000200020002000200020002000200020002000', 'amount_paid': 0.0, 'deposit_amount': 0.0, 'payment_status': 'Unpaid', 'target_goal': 4200, 'is_automated': False, 'reference_number': 'AGRI--EJ2MOH', 'requirements': 'from uasingishu'}
INFO:sqlalchemy.engine.Engine:UPDATE "DomainOwner" SET reference_number=%(reference_number)s WHERE "DomainOwner".id = %(DomainOwner_id)s
INFO:sqlalchemy.engine.Engine:[generated in 0.00036s] {'reference_number': 'AGRI--EJ2MOH', 'DomainOwner_id': 24}
INFO:sqlalchemy.engine.Engine:INSERT INTO domain_features (name, domain_id) SELECT p0::VARCHAR, p1::INTEGER FROM (VALUES (%(name__0)s, %(domain_id__0)s, 0), (%(name__1)s, %(domain_id__1)s, 1), (%(name__2)s, %(domain_id__2)s, 2), (%(name__3)s, %(domain_id__3)s, 3)) AS imp_sen(p0, p1, sen_counter) ORDER BY sen_counter RETURNING domain_features.id, domain_features.id AS id__1
INFO:sqlalchemy.engine.Engine:[generated in 0.00013s (insertmanyvalues) 1/1 (ordered)] {'name__0': 'age', 'domain_id__0': 10, 'name__1': 'location', 'domain_id__1': 10, 'name__2': 'variety', 'domain_id__2': 10, 'name__3': 'price', 'domain_id__3': 10}
INFO:sqlalchemy.engine.Engine:COMMIT
INFO:sqlalchemy.engine.Engine:BEGIN (implicit)
INFO:sqlalchemy.engine.Engine:SELECT domain.id AS domain_id, domain.owner_id AS domain_owner_id, domain.domain_name AS domain_domain_name, domain.is_active AS domain_is_active, domain.total_budget AS domain_total_budget, domain.amount_paid AS domain_amount_paid, domain.deposit_amount AS domain_deposit_amount, domain.payment_status AS domain_payment_status, domain.target_goal AS domain_target_goal, domain.is_automated AS domain_is_automated, domain.reference_number AS domain_reference_number, domain.requirements AS domain_requirements 
FROM domain 
WHERE domain.id = %(pk_1)s
INFO:sqlalchemy.engine.Engine:[generated in 0.00032s] {'pk_1': 10}
INFO:sqlalchemy.engine.Engine:ROLLBACK
INFO:werkzeug:127.0.0.1 - - [22/Feb/2026 11:40:31] "[35m[1mPOST /api/domain HTTP/1.1[0m" 201 -
INFO:werkzeug:127.0.0.1 - - [22/Feb/2026 11:41:15] "OPTIONS /api/main/pay/initiate HTTP/1.1" 200 -
INFO:sqlalchemy.engine.Engine:BEGIN (implicit)
INFO:sqlalchemy.engine.Engine:SELECT domain.id AS domain_id, domain.owner_id AS domain_owner_id, domain.domain_name AS domain_domain_name, domain.is_active AS domain_is_active, domain.total_budget AS domain_total_budget, domain.amount_paid AS domain_amount_paid, domain.deposit_amount AS domain_deposit_amount, domain.payment_status AS domain_payment_status, domain.target_goal AS domain_target_goal, domain.is_automated AS domain_is_automated, domain.reference_number AS domain_reference_number, domain.requirements AS domain_requirements 
FROM domain 
WHERE domain.id = %(pk_1)s
INFO:sqlalchemy.engine.Engine:[generated in 0.00038s] {'pk_1': 10}
INFO:sqlalchemy.engine.Engine:SELECT payment.id AS payment_id, payment.domain_id AS payment_domain_id, payment.provider_id AS payment_provider_id, payment.transaction_ref AS payment_transaction_ref, payment.checkout_request_id AS payment_checkout_request_id, payment.amount AS payment_amount, payment.currency AS payment_currency, payment.payment_type AS payment_payment_type, payment.phone_number AS payment_phone_number, payment.status AS payment_status, payment.created_at AS payment_created_at, payment.processed_at AS payment_processed_at, payment.attempts AS payment_attempts 
FROM payment 
WHERE payment.transaction_ref = %(transaction_ref_1)s 
 LIMIT %(param_1)s
INFO:sqlalchemy.engine.Engine:[generated in 0.00175s] {'transaction_ref_1': 'SEMA10-1771749675', 'param_1': 1}
INFO:sqlalchemy.engine.Engine:INSERT INTO payment (domain_id, provider_id, transaction_ref, checkout_request_id, amount, currency, payment_type, phone_number, status, created_at, processed_at, attempts) VALUES (%(domain_id)s, %(provider_id)s, %(transaction_ref)s, %(checkout_request_id)s, %(amount)s, %(currency)s, %(payment_type)s, %(phone_number)s, %(status)s, %(created_at)s, %(processed_at)s, %(attempts)s) RETURNING payment.id
INFO:sqlalchemy.engine.Engine:[generated in 0.00042s] {'domain_id': 10, 'provider_id': None, 'transaction_ref': 'SEMA10-1771749675', 'checkout_request_id': None, 'amount': 25200.0, 'currency': 'USD', 'payment_type': None, 'phone_number': '254113165657', 'status': 'Pending', 'created_at': datetime.datetime(2026, 2, 22, 8, 41, 15, 62824), 'processed_at': None, 'attempts': 0}
INFO:sqlalchemy.engine.Engine:ROLLBACK
ERROR:semaData:Failed to create payment for domain 10
Traceback (most recent call last):
  File "/home/grace/Desktop/projects/semaData/Backend/venv/lib/python3.11/site-packages/sqlalchemy/engine/base.py", line 1967, in _exec_single_context
    self.dialect.do_execute(
  File "/home/grace/Desktop/projects/semaData/Backend/venv/lib/python3.11/site-packages/sqlalchemy/engine/default.py", line 952, in do_execute
    cursor.execute(statement, parameters)
psycopg2.errors.NumericValueOutOfRange: value "254113165657" is out of range for type integer
LINE 1: ... 'SEMA10-1771749675', NULL, 25200.0, 'USD', NULL, '254113165...
                                                             ^


The above exception was the direct cause of the following exception:

Traceback (most recent call last):
  File "/home/grace/Desktop/projects/semaData/Backend/routes/main/payment.py", line 64, in initiate_payment
    db.session.commit()
  File "/home/grace/Desktop/projects/semaData/Backend/venv/lib/python3.11/site-packages/sqlalchemy/orm/scoping.py", line 597, in commit
    return self._proxied.commit()
           ^^^^^^^^^^^^^^^^^^^^^^
  File "/home/grace/Desktop/projects/semaData/Backend/venv/lib/python3.11/site-packages/sqlalchemy/orm/session.py", line 2030, in commit
    trans.commit(_to_root=True)
  File "<string>", line 2, in commit
  File "/home/grace/Desktop/projects/semaData/Backend/venv/lib/python3.11/site-packages/sqlalchemy/orm/state_changes.py", line 137, in _go
    ret_value = fn(self, *arg, **kw)
                ^^^^^^^^^^^^^^^^^^^^
  File "/home/grace/Desktop/projects/semaData/Backend/venv/lib/python3.11/site-packages/sqlalchemy/orm/session.py", line 1311, in commit
    self._prepare_impl()
  File "<string>", line 2, in _prepare_impl
  File "/home/grace/Desktop/projects/semaData/Backend/venv/lib/python3.11/site-packages/sqlalchemy/orm/state_changes.py", line 137, in _go
    ret_value = fn(self, *arg, **kw)
                ^^^^^^^^^^^^^^^^^^^^
  File "/home/grace/Desktop/projects/semaData/Backend/venv/lib/python3.11/site-packages/sqlalchemy/orm/session.py", line 1286, in _prepare_impl
    self.session.flush()
  File "/home/grace/Desktop/projects/semaData/Backend/venv/lib/python3.11/site-packages/sqlalchemy/orm/session.py", line 4331, in flush
    self._flush(objects)
  File "/home/grace/Desktop/projects/semaData/Backend/venv/lib/python3.11/site-packages/sqlalchemy/orm/session.py", line 4466, in _flush
    with util.safe_reraise():
  File "/home/grace/Desktop/projects/semaData/Backend/venv/lib/python3.11/site-packages/sqlalchemy/util/langhelpers.py", line 224, in __exit__
    raise exc_value.with_traceback(exc_tb)
  File "/home/grace/Desktop/projects/semaData/Backend/venv/lib/python3.11/site-packages/sqlalchemy/orm/session.py", line 4427, in _flush
    flush_context.execute()
  File "/home/grace/Desktop/projects/semaData/Backend/venv/lib/python3.11/site-packages/sqlalchemy/orm/unitofwork.py", line 466, in execute
    rec.execute(self)
  File "/home/grace/Desktop/projects/semaData/Backend/venv/lib/python3.11/site-packages/sqlalchemy/orm/unitofwork.py", line 642, in execute
    util.preloaded.orm_persistence.save_obj(
  File "/home/grace/Desktop/projects/semaData/Backend/venv/lib/python3.11/site-packages/sqlalchemy/orm/persistence.py", line 93, in save_obj
    _emit_insert_statements(
  File "/home/grace/Desktop/projects/semaData/Backend/venv/lib/python3.11/site-packages/sqlalchemy/orm/persistence.py", line 1233, in _emit_insert_statements
    result = connection.execute(
             ^^^^^^^^^^^^^^^^^^^
  File "/home/grace/Desktop/projects/semaData/Backend/venv/lib/python3.11/site-packages/sqlalchemy/engine/base.py", line 1419, in execute
    return meth(
           ^^^^^
  File "/home/grace/Desktop/projects/semaData/Backend/venv/lib/python3.11/site-packages/sqlalchemy/sql/elements.py", line 527, in _execute_on_connection
    return connection._execute_clauseelement(
           ^^^^^^^^^^^^^^^^^^^^^^^^^^^^^^^^^^
  File "/home/grace/Desktop/projects/semaData/Backend/venv/lib/python3.11/site-packages/sqlalchemy/engine/base.py", line 1641, in _execute_clauseelement
    ret = self._execute_context(
          ^^^^^^^^^^^^^^^^^^^^^^
  File "/home/grace/Desktop/projects/semaData/Backend/venv/lib/python3.11/site-packages/sqlalchemy/engine/base.py", line 1846, in _execute_context
    return self._exec_single_context(
           ^^^^^^^^^^^^^^^^^^^^^^^^^^
  File "/home/grace/Desktop/projects/semaData/Backend/venv/lib/python3.11/site-packages/sqlalchemy/engine/base.py", line 1986, in _exec_single_context
    self._handle_dbapi_exception(
  File "/home/grace/Desktop/projects/semaData/Backend/venv/lib/python3.11/site-packages/sqlalchemy/engine/base.py", line 2363, in _handle_dbapi_exception
    raise sqlalchemy_exception.with_traceback(exc_info[2]) from e
  File "/home/grace/Desktop/projects/semaData/Backend/venv/lib/python3.11/site-packages/sqlalchemy/engine/base.py", line 1967, in _exec_single_context
    self.dialect.do_execute(
  File "/home/grace/Desktop/projects/semaData/Backend/venv/lib/python3.11/site-packages/sqlalchemy/engine/default.py", line 952, in do_execute
    cursor.execute(statement, parameters)
sqlalchemy.exc.DataError: (psycopg2.errors.NumericValueOutOfRange) value "254113165657" is out of range for type integer
LINE 1: ... 'SEMA10-1771749675', NULL, 25200.0, 'USD', NULL, '254113165...
                                                             ^

[SQL: INSERT INTO payment (domain_id, provider_id, transaction_ref, checkout_request_id, amount, currency, payment_type, phone_number, status, created_at, processed_at, attempts) VALUES (%(domain_id)s, %(provider_id)s, %(transaction_ref)s, %(checkout_request_id)s, %(amount)s, %(currency)s, %(payment_type)s, %(phone_number)s, %(status)s, %(created_at)s, %(processed_at)s, %(attempts)s) RETURNING payment.id]
[parameters: {'domain_id': 10, 'provider_id': None, 'transaction_ref': 'SEMA10-1771749675', 'checkout_request_id': None, 'amount': 25200.0, 'currency': 'USD', 'payment_type': None, 'phone_number': '254113165657', 'status': 'Pending', 'created_at': datetime.datetime(2026, 2, 22, 8, 41, 15, 62824), 'processed_at': None, 'attempts': 0}]
(Background on this error at: https://sqlalche.me/e/20/9h9h)
INFO:werkzeug:127.0.0.1 - - [22/Feb/2026 11:41:15] "[35m[1mPOST /api/main/pay/initiate HTTP/1.1[0m" 500 -
INFO:werkzeug:127.0.0.1 - - [22/Feb/2026 11:42:43] "OPTIONS /api/Auth/signup HTTP/1.1" 200 -
INFO:sqlalchemy.engine.Engine:BEGIN (implicit)
INFO:sqlalchemy.engine.Engine:SELECT "Users".id AS "Users_id", "Users".user_type AS "Users_user_type", "Users".first_name AS "Users_first_name", "Users".second_name AS "Users_second_name", "Users".email AS "Users_email", "Users".is_verified AS "Users_is_verified", "Users".domain_name AS "Users_domain_name", "Users".role AS "Users_role", "Users".reference_number AS "Users_reference_number", "Users".password_hash AS "Users_password_hash" 
FROM "Users" 
WHERE "Users".email = %(email_1)s 
 LIMIT %(param_1)s
INFO:sqlalchemy.engine.Engine:[generated in 0.00042s] {'email_1': 'friezernyaga@gmail.com', 'param_1': 1}
INFO:sqlalchemy.engine.Engine:SELECT "DomainOwner".id AS "DomainOwner_id", "DomainOwner".user_type AS "DomainOwner_user_type", "DomainOwner".first_name AS "DomainOwner_first_name", "DomainOwner".last_name AS "DomainOwner_last_name", "DomainOwner".username AS "DomainOwner_username", "DomainOwner".is_verified AS "DomainOwner_is_verified", "DomainOwner".email AS "DomainOwner_email", "DomainOwner".domain_field AS "DomainOwner_domain_field", "DomainOwner".reference_number AS "DomainOwner_reference_number", "DomainOwner".password_hash AS "DomainOwner_password_hash" 
FROM "DomainOwner" 
WHERE "DomainOwner".email = %(email_1)s 
 LIMIT %(param_1)s
INFO:sqlalchemy.engine.Engine:[generated in 0.00049s] {'email_1': 'friezernyaga@gmail.com', 'param_1': 1}
INFO:sqlalchemy.engine.Engine:SELECT domain.id AS domain_id, domain.owner_id AS domain_owner_id, domain.domain_name AS domain_domain_name, domain.is_active AS domain_is_active, domain.total_budget AS domain_total_budget, domain.amount_paid AS domain_amount_paid, domain.deposit_amount AS domain_deposit_amount, domain.payment_status AS domain_payment_status, domain.target_goal AS domain_target_goal, domain.is_automated AS domain_is_automated, domain.reference_number AS domain_reference_number, domain.requirements AS domain_requirements 
FROM domain 
WHERE domain.reference_number = %(reference_number_1)s 
 LIMIT %(param_1)s
INFO:sqlalchemy.engine.Engine:[generated in 0.00054s] {'reference_number_1': 'AGRI--EJ2MOH', 'param_1': 1}
INFO:sqlalchemy.engine.Engine:INSERT INTO "Users" (user_type, first_name, second_name, email, is_verified, domain_name, role, reference_number, password_hash) VALUES (%(user_type)s, %(first_name)s, %(second_name)s, %(email)s, %(is_verified)s, %(domain_name)s, %(role)s, %(reference_number)s, %(password_hash)s) RETURNING "Users".id
INFO:sqlalchemy.engine.Engine:[generated in 0.00025s] {'user_type': 'User', 'first_name': 'friezer', 'second_name': 'nyaga', 'email': 'friezernyaga@gmail.com', 'is_verified': False, 'domain_name': None, 'role': 'user', 'reference_number': 'AGRI--EJ2MOH', 'password_hash': 'scrypt:32768:8:1$bNtDHPgxM8BYKc65$497737968f9fab5b3084d2cd65ebd0878f8492f6042239c61ca34c026e8ba19b52884ac02c9ba5bb9af5ccbae62cc585cc83980d1693453738d64b9b51b13a3b'}
INFO:sqlalchemy.engine.Engine:COMMIT
INFO:sqlalchemy.engine.Engine:BEGIN (implicit)
INFO:sqlalchemy.engine.Engine:SELECT "Users".id AS "Users_id", "Users".user_type AS "Users_user_type", "Users".first_name AS "Users_first_name", "Users".second_name AS "Users_second_name", "Users".email AS "Users_email", "Users".is_verified AS "Users_is_verified", "Users".domain_name AS "Users_domain_name", "Users".role AS "Users_role", "Users".reference_number AS "Users_reference_number", "Users".password_hash AS "Users_password_hash" 
FROM "Users" 
WHERE "Users".id = %(pk_1)s
INFO:sqlalchemy.engine.Engine:[generated in 0.00053s] {'pk_1': 3}
INFO:sqlalchemy.engine.Engine:ROLLBACK
INFO:werkzeug:127.0.0.1 - - [22/Feb/2026 11:42:43] "[35m[1mPOST /api/Auth/signup HTTP/1.1[0m" 201 -
INFO:werkzeug:127.0.0.1 - - [22/Feb/2026 11:43:02] "OPTIONS /api/Auth/login HTTP/1.1" 200 -
INFO:sqlalchemy.engine.Engine:BEGIN (implicit)
INFO:sqlalchemy.engine.Engine:SELECT domain.id AS domain_id, domain.owner_id AS domain_owner_id, domain.domain_name AS domain_domain_name, domain.is_active AS domain_is_active, domain.total_budget AS domain_total_budget, domain.amount_paid AS domain_amount_paid, domain.deposit_amount AS domain_deposit_amount, domain.payment_status AS domain_payment_status, domain.target_goal AS domain_target_goal, domain.is_automated AS domain_is_automated, domain.reference_number AS domain_reference_number, domain.requirements AS domain_requirements 
FROM domain 
WHERE domain.reference_number = %(reference_number_1)s 
 LIMIT %(param_1)s
INFO:sqlalchemy.engine.Engine:[cached since 18.49s ago] {'reference_number_1': 'AGRI--EJ2MOH', 'param_1': 1}
INFO:sqlalchemy.engine.Engine:SELECT "DomainOwner".id AS "DomainOwner_id", "DomainOwner".user_type AS "DomainOwner_user_type", "DomainOwner".first_name AS "DomainOwner_first_name", "DomainOwner".last_name AS "DomainOwner_last_name", "DomainOwner".username AS "DomainOwner_username", "DomainOwner".is_verified AS "DomainOwner_is_verified", "DomainOwner".email AS "DomainOwner_email", "DomainOwner".domain_field AS "DomainOwner_domain_field", "DomainOwner".reference_number AS "DomainOwner_reference_number", "DomainOwner".password_hash AS "DomainOwner_password_hash" 
FROM "DomainOwner" 
WHERE "DomainOwner".email = %(email_1)s AND "DomainOwner".reference_number = %(reference_number_1)s 
 LIMIT %(param_1)s
INFO:sqlalchemy.engine.Engine:[generated in 0.00037s] {'email_1': 'friezernyaga@gmail.com', 'reference_number_1': 'AGRI--EJ2MOH', 'param_1': 1}
INFO:sqlalchemy.engine.Engine:SELECT "Users".id AS "Users_id", "Users".user_type AS "Users_user_type", "Users".first_name AS "Users_first_name", "Users".second_name AS "Users_second_name", "Users".email AS "Users_email", "Users".is_verified AS "Users_is_verified", "Users".domain_name AS "Users_domain_name", "Users".role AS "Users_role", "Users".reference_number AS "Users_reference_number", "Users".password_hash AS "Users_password_hash" 
FROM "Users" 
WHERE "Users".email = %(email_1)s AND "Users".reference_number = %(reference_number_1)s 
 LIMIT %(param_1)s
INFO:sqlalchemy.engine.Engine:[generated in 0.00031s] {'email_1': 'friezernyaga@gmail.com', 'reference_number_1': 'AGRI--EJ2MOH', 'param_1': 1}
INFO:sqlalchemy.engine.Engine:ROLLBACK
INFO:werkzeug:127.0.0.1 - - [22/Feb/2026 11:43:02] "[31m[1mPOST /api/Auth/login HTTP/1.1[0m" 403 -
INFO:sqlalchemy.engine.Engine:BEGIN (implicit)
INFO:sqlalchemy.engine.Engine:SELECT "Users".id AS "Users_id", "Users".user_type AS "Users_user_type", "Users".first_name AS "Users_first_name", "Users".second_name AS "Users_second_name", "Users".email AS "Users_email", "Users".is_verified AS "Users_is_verified", "Users".domain_name AS "Users_domain_name", "Users".role AS "Users_role", "Users".reference_number AS "Users_reference_number", "Users".password_hash AS "Users_password_hash" 
FROM "Users" 
WHERE "Users".email = %(email_1)s 
 LIMIT %(param_1)s
INFO:sqlalchemy.engine.Engine:[cached since 38.7s ago] {'email_1': 'friezernyaga@gmail.com', 'param_1': 1}
INFO:sqlalchemy.engine.Engine:UPDATE "Users" SET is_verified=%(is_verified)s WHERE "Users".id = %(Users_id)s
INFO:sqlalchemy.engine.Engine:[generated in 0.00043s] {'is_verified': True, 'Users_id': 3}
INFO:sqlalchemy.engine.Engine:COMMIT
INFO:sqlalchemy.engine.Engine:BEGIN (implicit)
INFO:sqlalchemy.engine.Engine:SELECT "Users".id AS "Users_id", "Users".user_type AS "Users_user_type", "Users".first_name AS "Users_first_name", "Users".second_name AS "Users_second_name", "Users".email AS "Users_email", "Users".is_verified AS "Users_is_verified", "Users".domain_name AS "Users_domain_name", "Users".role AS "Users_role", "Users".reference_number AS "Users_reference_number", "Users".password_hash AS "Users_password_hash" 
FROM "Users" 
WHERE "Users".id = %(pk_1)s
INFO:sqlalchemy.engine.Engine:[cached since 38.49s ago] {'pk_1': 3}
INFO:sqlalchemy.engine.Engine:ROLLBACK
INFO:werkzeug:127.0.0.1 - - [22/Feb/2026 11:43:22] "[32mGET /api/Auth/confirm/ImZyaWV6ZXJueWFnYUBnbWFpbC5jb20i.aZrBlg.XnHfnSUQL82pjsUg8nDkahOSAkk HTTP/1.1[0m" 302 -
INFO:werkzeug:[31m[1mWARNING: This is a development server. Do not use it in a production deployment. Use a production WSGI server instead.[0m
 * Running on all addresses (0.0.0.0)
 * Running on http://127.0.0.1:8000
 * Running on http://192.168.27.128:8000
INFO:werkzeug:[33mPress CTRL+C to quit[0m
INFO:werkzeug: * Restarting with stat
WARNING:werkzeug: * Debugger is active!
INFO:werkzeug: * Debugger PIN: 145-870-996
INFO:werkzeug:127.0.0.1 - - [22/Feb/2026 12:07:38] "OPTIONS /api/Auth/signup HTTP/1.1" 200 -
INFO:sqlalchemy.engine.Engine:select pg_catalog.version()
INFO:sqlalchemy.engine.Engine:[raw sql] {}
INFO:sqlalchemy.engine.Engine:select current_schema()
INFO:sqlalchemy.engine.Engine:[raw sql] {}
INFO:sqlalchemy.engine.Engine:show standard_conforming_strings
INFO:sqlalchemy.engine.Engine:[raw sql] {}
INFO:sqlalchemy.engine.Engine:BEGIN (implicit)
INFO:sqlalchemy.engine.Engine:SELECT "Users".id AS "Users_id", "Users".user_type AS "Users_user_type", "Users".first_name AS "Users_first_name", "Users".second_name AS "Users_second_name", "Users".email AS "Users_email", "Users".is_verified AS "Users_is_verified", "Users".domain_name AS "Users_domain_name", "Users".role AS "Users_role", "Users".reference_number AS "Users_reference_number", "Users".password_hash AS "Users_password_hash" 
FROM "Users" 
WHERE "Users".email = %(email_1)s 
 LIMIT %(param_1)s
INFO:sqlalchemy.engine.Engine:[generated in 0.00027s] {'email_1': 'kemboibrian@gmail.com', 'param_1': 1}
INFO:sqlalchemy.engine.Engine:SELECT "DomainOwner".id AS "DomainOwner_id", "DomainOwner".user_type AS "DomainOwner_user_type", "DomainOwner".first_name AS "DomainOwner_first_name", "DomainOwner".last_name AS "DomainOwner_last_name", "DomainOwner".username AS "DomainOwner_username", "DomainOwner".is_verified AS "DomainOwner_is_verified", "DomainOwner".email AS "DomainOwner_email", "DomainOwner".domain_field AS "DomainOwner_domain_field", "DomainOwner".reference_number AS "DomainOwner_reference_number", "DomainOwner".password_hash AS "DomainOwner_password_hash" 
FROM "DomainOwner" 
WHERE "DomainOwner".email = %(email_1)s 
 LIMIT %(param_1)s
INFO:sqlalchemy.engine.Engine:[generated in 0.00036s] {'email_1': 'kemboibrian@gmail.com', 'param_1': 1}
INFO:sqlalchemy.engine.Engine:SELECT "DomainOwner".id AS "DomainOwner_id", "DomainOwner".user_type AS "DomainOwner_user_type", "DomainOwner".first_name AS "DomainOwner_first_name", "DomainOwner".last_name AS "DomainOwner_last_name", "DomainOwner".username AS "DomainOwner_username", "DomainOwner".is_verified AS "DomainOwner_is_verified", "DomainOwner".email AS "DomainOwner_email", "DomainOwner".domain_field AS "DomainOwner_domain_field", "DomainOwner".reference_number AS "DomainOwner_reference_number", "DomainOwner".password_hash AS "DomainOwner_password_hash" 
FROM "DomainOwner" 
WHERE "DomainOwner".username = %(username_1)s 
 LIMIT %(param_1)s
INFO:sqlalchemy.engine.Engine:[generated in 0.00022s] {'username_1': 'kemboi', 'param_1': 1}
INFO:sqlalchemy.engine.Engine:INSERT INTO "DomainOwner" (user_type, first_name, last_name, username, is_verified, email, domain_field, reference_number, password_hash) VALUES (%(user_type)s, %(first_name)s, %(last_name)s, %(username)s, %(is_verified)s, %(email)s, %(domain_field)s, %(reference_number)s, %(password_hash)s) RETURNING "DomainOwner".id
INFO:sqlalchemy.engine.Engine:[generated in 0.00026s] {'user_type': 'DomainOwner', 'first_name': 'Brian', 'last_name': 'kemboi', 'username': 'kemboi', 'is_verified': False, 'email': 'kemboibrian@gmail.com', 'domain_field': 'Agriculture', 'reference_number': None, 'password_hash': 'scrypt:32768:8:1$EsLv3SgQb5mmelIj$200e7b4c3cb26f6ae0b5f2d896f13dbfaafdcc1f8a734b2745be7d4444d97b75bfc2a4d36fa23dad8baae683b38607d2b5e111831a6dea7254b717f886dada00'}
INFO:sqlalchemy.engine.Engine:COMMIT
INFO:sqlalchemy.engine.Engine:BEGIN (implicit)
INFO:sqlalchemy.engine.Engine:SELECT "DomainOwner".id AS "DomainOwner_id", "DomainOwner".user_type AS "DomainOwner_user_type", "DomainOwner".first_name AS "DomainOwner_first_name", "DomainOwner".last_name AS "DomainOwner_last_name", "DomainOwner".username AS "DomainOwner_username", "DomainOwner".is_verified AS "DomainOwner_is_verified", "DomainOwner".email AS "DomainOwner_email", "DomainOwner".domain_field AS "DomainOwner_domain_field", "DomainOwner".reference_number AS "DomainOwner_reference_number", "DomainOwner".password_hash AS "DomainOwner_password_hash" 
FROM "DomainOwner" 
WHERE "DomainOwner".id = %(pk_1)s
INFO:sqlalchemy.engine.Engine:[generated in 0.00073s] {'pk_1': 25}
INFO:sqlalchemy.engine.Engine:ROLLBACK
INFO:werkzeug:127.0.0.1 - - [22/Feb/2026 12:07:39] "[35m[1mPOST /api/Auth/signup HTTP/1.1[0m" 201 -
INFO:sqlalchemy.engine.Engine:BEGIN (implicit)
INFO:sqlalchemy.engine.Engine:SELECT "DomainOwner".id AS "DomainOwner_id", "DomainOwner".user_type AS "DomainOwner_user_type", "DomainOwner".first_name AS "DomainOwner_first_name", "DomainOwner".last_name AS "DomainOwner_last_name", "DomainOwner".username AS "DomainOwner_username", "DomainOwner".is_verified AS "DomainOwner_is_verified", "DomainOwner".email AS "DomainOwner_email", "DomainOwner".domain_field AS "DomainOwner_domain_field", "DomainOwner".reference_number AS "DomainOwner_reference_number", "DomainOwner".password_hash AS "DomainOwner_password_hash" 
FROM "DomainOwner" 
WHERE "DomainOwner".email = %(email_1)s 
 LIMIT %(param_1)s
INFO:sqlalchemy.engine.Engine:[cached since 25.31s ago] {'email_1': 'kemboibrian@gmail.com', 'param_1': 1}
INFO:sqlalchemy.engine.Engine:SELECT "Users".id AS "Users_id", "Users".user_type AS "Users_user_type", "Users".first_name AS "Users_first_name", "Users".second_name AS "Users_second_name", "Users".email AS "Users_email", "Users".is_verified AS "Users_is_verified", "Users".domain_name AS "Users_domain_name", "Users".role AS "Users_role", "Users".reference_number AS "Users_reference_number", "Users".password_hash AS "Users_password_hash" 
FROM "Users" 
WHERE "Users".email = %(email_1)s 
 LIMIT %(param_1)s
INFO:sqlalchemy.engine.Engine:[cached since 25.31s ago] {'email_1': 'kemboibrian@gmail.com', 'param_1': 1}
INFO:sqlalchemy.engine.Engine:UPDATE "DomainOwner" SET is_verified=%(is_verified)s WHERE "DomainOwner".id = %(DomainOwner_id)s
INFO:sqlalchemy.engine.Engine:[generated in 0.00099s] {'is_verified': True, 'DomainOwner_id': 25}
INFO:sqlalchemy.engine.Engine:COMMIT
INFO:sqlalchemy.engine.Engine:BEGIN (implicit)
INFO:sqlalchemy.engine.Engine:SELECT "DomainOwner".id AS "DomainOwner_id", "DomainOwner".user_type AS "DomainOwner_user_type", "DomainOwner".first_name AS "DomainOwner_first_name", "DomainOwner".last_name AS "DomainOwner_last_name", "DomainOwner".username AS "DomainOwner_username", "DomainOwner".is_verified AS "DomainOwner_is_verified", "DomainOwner".email AS "DomainOwner_email", "DomainOwner".domain_field AS "DomainOwner_domain_field", "DomainOwner".reference_number AS "DomainOwner_reference_number", "DomainOwner".password_hash AS "DomainOwner_password_hash" 
FROM "DomainOwner" 
WHERE "DomainOwner".id = %(pk_1)s
INFO:sqlalchemy.engine.Engine:[cached since 25.17s ago] {'pk_1': 25}
INFO:sqlalchemy.engine.Engine:ROLLBACK
INFO:werkzeug:127.0.0.1 - - [22/Feb/2026 12:08:04] "[32mGET /api/Auth/confirm/ImtlbWJvaWJyaWFuQGdtYWlsLmNvbSI.aZrHWw.HOG9PCHMIxqJNDQYiYU-2KZMDe4 HTTP/1.1[0m" 302 -
INFO:werkzeug:127.0.0.1 - - [22/Feb/2026 12:09:43] "OPTIONS /api/domain HTTP/1.1" 200 -
INFO:sqlalchemy.engine.Engine:BEGIN (implicit)
INFO:sqlalchemy.engine.Engine:SELECT "DomainOwner".id AS "DomainOwner_id", "DomainOwner".user_type AS "DomainOwner_user_type", "DomainOwner".first_name AS "DomainOwner_first_name", "DomainOwner".last_name AS "DomainOwner_last_name", "DomainOwner".username AS "DomainOwner_username", "DomainOwner".is_verified AS "DomainOwner_is_verified", "DomainOwner".email AS "DomainOwner_email", "DomainOwner".domain_field AS "DomainOwner_domain_field", "DomainOwner".reference_number AS "DomainOwner_reference_number", "DomainOwner".password_hash AS "DomainOwner_password_hash" 
FROM "DomainOwner" 
WHERE "DomainOwner".id = %(pk_1)s
INFO:sqlalchemy.engine.Engine:[generated in 0.00107s] {'pk_1': '25'}
INFO:sqlalchemy.engine.Engine:SELECT domain.id AS domain_id, domain.owner_id AS domain_owner_id, domain.domain_name AS domain_domain_name, domain.is_active AS domain_is_active, domain.total_budget AS domain_total_budget, domain.amount_paid AS domain_amount_paid, domain.deposit_amount AS domain_deposit_amount, domain.payment_status AS domain_payment_status, domain.target_goal AS domain_target_goal, domain.is_automated AS domain_is_automated, domain.reference_number AS domain_reference_number, domain.requirements AS domain_requirements 
FROM domain 
WHERE domain.domain_name = %(domain_name_1)s 
 LIMIT %(param_1)s
INFO:sqlalchemy.engine.Engine:[generated in 0.00135s] {'domain_name_1': 'smartFarm', 'param_1': 1}
INFO:sqlalchemy.engine.Engine:INSERT INTO domain (owner_id, domain_name, is_active, total_budget, amount_paid, deposit_amount, payment_status, target_goal, is_automated, reference_number, requirements) VALUES (%(owner_id)s, %(domain_name)s, %(is_active)s, %(total_budget)s, %(amount_paid)s, %(deposit_amount)s, %(payment_status)s, %(target_goal)s, %(is_automated)s, %(reference_number)s, %(requirements)s) RETURNING domain.id
INFO:sqlalchemy.engine.Engine:[generated in 0.00070s] {'owner_id': '25', 'domain_name': 'smartFarm', 'is_active': False, 'total_budget': 20000, 'amount_paid': 0.0, 'deposit_amount': 6000.0, 'payment_status': 'Unpaid', 'target_goal': 1000, 'is_automated': False, 'reference_number': 'SMAR--Z72ITC', 'requirements': 'should be from Nakuru'}
INFO:sqlalchemy.engine.Engine:UPDATE "DomainOwner" SET reference_number=%(reference_number)s WHERE "DomainOwner".id = %(DomainOwner_id)s
INFO:sqlalchemy.engine.Engine:[generated in 0.00038s] {'reference_number': 'SMAR--Z72ITC', 'DomainOwner_id': 25}
INFO:sqlalchemy.engine.Engine:INSERT INTO domain_features (name, domain_id) SELECT p0::VARCHAR, p1::INTEGER FROM (VALUES (%(name__0)s, %(domain_id__0)s, 0), (%(name__1)s, %(domain_id__1)s, 1), (%(name__2)s, %(domain_id__2)s, 2), (%(name__3)s, %(domain_id__3)s, 3)) AS imp_sen(p0, p1, sen_counter) ORDER BY sen_counter RETURNING domain_features.id, domain_features.id AS id__1
INFO:sqlalchemy.engine.Engine:[generated in 0.00016s (insertmanyvalues) 1/1 (ordered)] {'name__0': 'age', 'domain_id__0': 11, 'name__1': 'gender', 'domain_id__1': 11, 'name__2': 'Level of education', 'domain_id__2': 11, 'name__3': 'crops', 'domain_id__3': 11}
INFO:sqlalchemy.engine.Engine:COMMIT
INFO:sqlalchemy.engine.Engine:BEGIN (implicit)
INFO:sqlalchemy.engine.Engine:SELECT domain.id AS domain_id, domain.owner_id AS domain_owner_id, domain.domain_name AS domain_domain_name, domain.is_active AS domain_is_active, domain.total_budget AS domain_total_budget, domain.amount_paid AS domain_amount_paid, domain.deposit_amount AS domain_deposit_amount, domain.payment_status AS domain_payment_status, domain.target_goal AS domain_target_goal, domain.is_automated AS domain_is_automated, domain.reference_number AS domain_reference_number, domain.requirements AS domain_requirements 
FROM domain 
WHERE domain.id = %(pk_1)s
INFO:sqlalchemy.engine.Engine:[generated in 0.00038s] {'pk_1': 11}
INFO:sqlalchemy.engine.Engine:ROLLBACK
INFO:werkzeug:127.0.0.1 - - [22/Feb/2026 12:09:43] "[35m[1mPOST /api/domain HTTP/1.1[0m" 201 -
INFO:werkzeug:127.0.0.1 - - [22/Feb/2026 12:10:14] "OPTIONS /api/main/pay/initiate HTTP/1.1" 200 -
INFO:sqlalchemy.engine.Engine:BEGIN (implicit)
INFO:sqlalchemy.engine.Engine:SELECT domain.id AS domain_id, domain.owner_id AS domain_owner_id, domain.domain_name AS domain_domain_name, domain.is_active AS domain_is_active, domain.total_budget AS domain_total_budget, domain.amount_paid AS domain_amount_paid, domain.deposit_amount AS domain_deposit_amount, domain.payment_status AS domain_payment_status, domain.target_goal AS domain_target_goal, domain.is_automated AS domain_is_automated, domain.reference_number AS domain_reference_number, domain.requirements AS domain_requirements 
FROM domain 
WHERE domain.id = %(pk_1)s
INFO:sqlalchemy.engine.Engine:[generated in 0.00032s] {'pk_1': 11}
INFO:sqlalchemy.engine.Engine:SELECT payment.id AS payment_id, payment.domain_id AS payment_domain_id, payment.provider_id AS payment_provider_id, payment.transaction_ref AS payment_transaction_ref, payment.checkout_request_id AS payment_checkout_request_id, payment.amount AS payment_amount, payment.currency AS payment_currency, payment.payment_type AS payment_payment_type, payment.phone_number AS payment_phone_number, payment.status AS payment_status, payment.created_at AS payment_created_at, payment.processed_at AS payment_processed_at, payment.attempts AS payment_attempts 
FROM payment 
WHERE payment.transaction_ref = %(transaction_ref_1)s 
 LIMIT %(param_1)s
INFO:sqlalchemy.engine.Engine:[generated in 0.00024s] {'transaction_ref_1': 'SEMA11-1771751414', 'param_1': 1}
INFO:sqlalchemy.engine.Engine:INSERT INTO payment (domain_id, provider_id, transaction_ref, checkout_request_id, amount, currency, payment_type, phone_number, status, created_at, processed_at, attempts) VALUES (%(domain_id)s, %(provider_id)s, %(transaction_ref)s, %(checkout_request_id)s, %(amount)s, %(currency)s, %(payment_type)s, %(phone_number)s, %(status)s, %(created_at)s, %(processed_at)s, %(attempts)s) RETURNING payment.id
INFO:sqlalchemy.engine.Engine:[generated in 0.00028s] {'domain_id': 11, 'provider_id': None, 'transaction_ref': 'SEMA11-1771751414', 'checkout_request_id': None, 'amount': 6000.0, 'currency': 'USD', 'payment_type': None, 'phone_number': '254113165657', 'status': 'Pending', 'created_at': datetime.datetime(2026, 2, 22, 9, 10, 14, 540894), 'processed_at': None, 'attempts': 0}
INFO:sqlalchemy.engine.Engine:COMMIT
ERROR:root:Failed to fetch Mpesa Token: 400 Client Error: Bad Request for url: https://sandbox.safaricom.co.ke/oauth/v1/generate?grant_type=client_credentials
ERROR:semaData:Failed to create payment for domain 11
Traceback (most recent call last):
  File "/home/grace/Desktop/projects/semaData/Backend/routes/main/payment.py", line 75, in initiate_payment
    if stk_response.get('ResponseCode') == '0':
       ^^^^^^^^^^^^^^^^
AttributeError: 'tuple' object has no attribute 'get'
INFO:werkzeug:127.0.0.1 - - [22/Feb/2026 12:10:16] "[35m[1mPOST /api/main/pay/initiate HTTP/1.1[0m" 500 -
INFO:werkzeug:127.0.0.1 - - [22/Feb/2026 12:11:54] "OPTIONS /api/Auth/signup HTTP/1.1" 200 -
INFO:sqlalchemy.engine.Engine:BEGIN (implicit)
INFO:sqlalchemy.engine.Engine:SELECT "Users".id AS "Users_id", "Users".user_type AS "Users_user_type", "Users".first_name AS "Users_first_name", "Users".second_name AS "Users_second_name", "Users".email AS "Users_email", "Users".is_verified AS "Users_is_verified", "Users".domain_name AS "Users_domain_name", "Users".role AS "Users_role", "Users".reference_number AS "Users_reference_number", "Users".password_hash AS "Users_password_hash" 
FROM "Users" 
WHERE "Users".email = %(email_1)s 
 LIMIT %(param_1)s
INFO:sqlalchemy.engine.Engine:[cached since 255.5s ago] {'email_1': 'carencaren@gmail.com', 'param_1': 1}
INFO:sqlalchemy.engine.Engine:SELECT "DomainOwner".id AS "DomainOwner_id", "DomainOwner".user_type AS "DomainOwner_user_type", "DomainOwner".first_name AS "DomainOwner_first_name", "DomainOwner".last_name AS "DomainOwner_last_name", "DomainOwner".username AS "DomainOwner_username", "DomainOwner".is_verified AS "DomainOwner_is_verified", "DomainOwner".email AS "DomainOwner_email", "DomainOwner".domain_field AS "DomainOwner_domain_field", "DomainOwner".reference_number AS "DomainOwner_reference_number", "DomainOwner".password_hash AS "DomainOwner_password_hash" 
FROM "DomainOwner" 
WHERE "DomainOwner".email = %(email_1)s 
 LIMIT %(param_1)s
INFO:sqlalchemy.engine.Engine:[cached since 255.5s ago] {'email_1': 'carencaren@gmail.com', 'param_1': 1}
INFO:sqlalchemy.engine.Engine:SELECT domain.id AS domain_id, domain.owner_id AS domain_owner_id, domain.domain_name AS domain_domain_name, domain.is_active AS domain_is_active, domain.total_budget AS domain_total_budget, domain.amount_paid AS domain_amount_paid, domain.deposit_amount AS domain_deposit_amount, domain.payment_status AS domain_payment_status, domain.target_goal AS domain_target_goal, domain.is_automated AS domain_is_automated, domain.reference_number AS domain_reference_number, domain.requirements AS domain_requirements 
FROM domain 
WHERE domain.reference_number = %(reference_number_1)s 
 LIMIT %(param_1)s
INFO:sqlalchemy.engine.Engine:[generated in 0.00103s] {'reference_number_1': 'SMAR--Z72ITC', 'param_1': 1}
INFO:sqlalchemy.engine.Engine:INSERT INTO "Users" (user_type, first_name, second_name, email, is_verified, domain_name, role, reference_number, password_hash) VALUES (%(user_type)s, %(first_name)s, %(second_name)s, %(email)s, %(is_verified)s, %(domain_name)s, %(role)s, %(reference_number)s, %(password_hash)s) RETURNING "Users".id
INFO:sqlalchemy.engine.Engine:[generated in 0.00024s] {'user_type': 'User', 'first_name': 'caren', 'second_name': 'caren', 'email': 'carencaren@gmail.com', 'is_verified': False, 'domain_name': None, 'role': 'user', 'reference_number': 'SMAR--Z72ITC', 'password_hash': 'scrypt:32768:8:1$7oOciAqThGCtTciQ$7131bfa08d81fbe9c44e6263f1bca75f917fa7188daaee3df42dc484412ea70214d13ceed0b308bacfa3a11b91e8181f79c562492fa11b874470edbf2f174f5c'}
INFO:sqlalchemy.engine.Engine:COMMIT
INFO:sqlalchemy.engine.Engine:BEGIN (implicit)
INFO:sqlalchemy.engine.Engine:SELECT "Users".id AS "Users_id", "Users".user_type AS "Users_user_type", "Users".first_name AS "Users_first_name", "Users".second_name AS "Users_second_name", "Users".email AS "Users_email", "Users".is_verified AS "Users_is_verified", "Users".domain_name AS "Users_domain_name", "Users".role AS "Users_role", "Users".reference_number AS "Users_reference_number", "Users".password_hash AS "Users_password_hash" 
FROM "Users" 
WHERE "Users".id = %(pk_1)s
INFO:sqlalchemy.engine.Engine:[generated in 0.00018s] {'pk_1': 4}
INFO:sqlalchemy.engine.Engine:ROLLBACK
INFO:werkzeug:127.0.0.1 - - [22/Feb/2026 12:11:54] "[35m[1mPOST /api/Auth/signup HTTP/1.1[0m" 201 -
INFO:sqlalchemy.engine.Engine:BEGIN (implicit)
INFO:sqlalchemy.engine.Engine:SELECT "DomainOwner".id AS "DomainOwner_id", "DomainOwner".user_type AS "DomainOwner_user_type", "DomainOwner".first_name AS "DomainOwner_first_name", "DomainOwner".last_name AS "DomainOwner_last_name", "DomainOwner".username AS "DomainOwner_username", "DomainOwner".is_verified AS "DomainOwner_is_verified", "DomainOwner".email AS "DomainOwner_email", "DomainOwner".domain_field AS "DomainOwner_domain_field", "DomainOwner".reference_number AS "DomainOwner_reference_number", "DomainOwner".password_hash AS "DomainOwner_password_hash" 
FROM "DomainOwner" 
WHERE "DomainOwner".email = %(email_1)s 
 LIMIT %(param_1)s
INFO:sqlalchemy.engine.Engine:[cached since 354.5s ago] {'email_1': 'carencaren@gmail.com', 'param_1': 1}
INFO:sqlalchemy.engine.Engine:SELECT "Users".id AS "Users_id", "Users".user_type AS "Users_user_type", "Users".first_name AS "Users_first_name", "Users".second_name AS "Users_second_name", "Users".email AS "Users_email", "Users".is_verified AS "Users_is_verified", "Users".domain_name AS "Users_domain_name", "Users".role AS "Users_role", "Users".reference_number AS "Users_reference_number", "Users".password_hash AS "Users_password_hash" 
FROM "Users" 
WHERE "Users".email = %(email_1)s 
 LIMIT %(param_1)s
INFO:sqlalchemy.engine.Engine:[cached since 354.5s ago] {'email_1': 'carencaren@gmail.com', 'param_1': 1}
INFO:sqlalchemy.engine.Engine:UPDATE "Users" SET is_verified=%(is_verified)s WHERE "Users".id = %(Users_id)s
INFO:sqlalchemy.engine.Engine:[generated in 0.00054s] {'is_verified': True, 'Users_id': 4}
INFO:sqlalchemy.engine.Engine:COMMIT
INFO:sqlalchemy.engine.Engine:BEGIN (implicit)
INFO:sqlalchemy.engine.Engine:SELECT "Users".id AS "Users_id", "Users".user_type AS "Users_user_type", "Users".first_name AS "Users_first_name", "Users".second_name AS "Users_second_name", "Users".email AS "Users_email", "Users".is_verified AS "Users_is_verified", "Users".domain_name AS "Users_domain_name", "Users".role AS "Users_role", "Users".reference_number AS "Users_reference_number", "Users".password_hash AS "Users_password_hash" 
FROM "Users" 
WHERE "Users".id = %(pk_1)s
INFO:sqlalchemy.engine.Engine:[cached since 98.83s ago] {'pk_1': 4}
INFO:sqlalchemy.engine.Engine:SELECT domain.id AS domain_id, domain.owner_id AS domain_owner_id, domain.domain_name AS domain_domain_name, domain.is_active AS domain_is_active, domain.total_budget AS domain_total_budget, domain.amount_paid AS domain_amount_paid, domain.deposit_amount AS domain_deposit_amount, domain.payment_status AS domain_payment_status, domain.target_goal AS domain_target_goal, domain.is_automated AS domain_is_automated, domain.reference_number AS domain_reference_number, domain.requirements AS domain_requirements 
FROM domain 
WHERE domain.reference_number = %(reference_number_1)s 
 LIMIT %(param_1)s
INFO:sqlalchemy.engine.Engine:[cached since 99.04s ago] {'reference_number_1': 'SMAR--Z72ITC', 'param_1': 1}
INFO:sqlalchemy.engine.Engine:ROLLBACK
INFO:werkzeug:127.0.0.1 - - [22/Feb/2026 12:13:33] "[32mGET /api/Auth/confirm/ImNhcmVuY2FyZW5AZ21haWwuY29tIg.aZrIWg.YeoIy3F4xRn9ICs-lgEow1GWvag HTTP/1.1[0m" 302 -
INFO:sqlalchemy.engine.Engine:BEGIN (implicit)
INFO:sqlalchemy.engine.Engine:SELECT "Users".id AS "Users_id", "Users".user_type AS "Users_user_type", "Users".first_name AS "Users_first_name", "Users".second_name AS "Users_second_name", "Users".email AS "Users_email", "Users".is_verified AS "Users_is_verified", "Users".domain_name AS "Users_domain_name", "Users".role AS "Users_role", "Users".reference_number AS "Users_reference_number", "Users".password_hash AS "Users_password_hash" 
FROM "Users" 
WHERE "Users".id = %(pk_1)s
INFO:sqlalchemy.engine.Engine:[generated in 0.00033s] {'pk_1': 1}
INFO:sqlalchemy.engine.Engine:SELECT domain.id AS domain_id, domain.owner_id AS domain_owner_id, domain.domain_name AS domain_domain_name, domain.is_active AS domain_is_active, domain.total_budget AS domain_total_budget, domain.amount_paid AS domain_amount_paid, domain.deposit_amount AS domain_deposit_amount, domain.payment_status AS domain_payment_status, domain.target_goal AS domain_target_goal, domain.is_automated AS domain_is_automated, domain.reference_number AS domain_reference_number, domain.requirements AS domain_requirements 
FROM domain 
WHERE domain.reference_number = %(reference_number_1)s 
 LIMIT %(param_1)s
INFO:sqlalchemy.engine.Engine:[cached since 99.73s ago] {'reference_number_1': '965936', 'param_1': 1}
INFO:sqlalchemy.engine.Engine:SELECT count(*) AS count_1 
FROM (SELECT datasets.id AS datasets_id, datasets.name AS datasets_name, datasets.domain_id AS datasets_domain_id, datasets.collector_id AS datasets_collector_id, datasets.ref_number AS datasets_ref_number, datasets.description AS datasets_description, datasets.combined_text AS datasets_combined_text, datasets.segmented_text AS datasets_segmented_text, datasets.status AS datasets_status, datasets.record_count AS datasets_record_count, datasets."Ai_confidence" AS "datasets_Ai_confidence", datasets.audio_file_path AS datasets_audio_file_path, datasets.created_at AS datasets_created_at, datasets.updated_at AS datasets_updated_at 
FROM datasets 
WHERE datasets.domain_id = %(domain_id_1)s) AS anon_1
INFO:sqlalchemy.engine.Engine:[generated in 0.00043s] {'domain_id_1': 4}
INFO:sqlalchemy.engine.Engine:SELECT count(*) AS count_1 
FROM (SELECT DISTINCT ON (datasets.collector_id) datasets.id AS datasets_id, datasets.name AS datasets_name, datasets.domain_id AS datasets_domain_id, datasets.collector_id AS datasets_collector_id, datasets.ref_number AS datasets_ref_number, datasets.description AS datasets_description, datasets.combined_text AS datasets_combined_text, datasets.segmented_text AS datasets_segmented_text, datasets.status AS datasets_status, datasets.record_count AS datasets_record_count, datasets."Ai_confidence" AS "datasets_Ai_confidence", datasets.audio_file_path AS datasets_audio_file_path, datasets.created_at AS datasets_created_at, datasets.updated_at AS datasets_updated_at 
FROM datasets 
WHERE datasets.domain_id = %(domain_id_1)s) AS anon_1
INFO:sqlalchemy.engine.Engine:[generated in 0.00040s] {'domain_id_1': 4}
INFO:sqlalchemy.engine.Engine:SELECT count(*) AS count_1 
FROM (SELECT datasets.id AS datasets_id, datasets.name AS datasets_name, datasets.domain_id AS datasets_domain_id, datasets.collector_id AS datasets_collector_id, datasets.ref_number AS datasets_ref_number, datasets.description AS datasets_description, datasets.combined_text AS datasets_combined_text, datasets.segmented_text AS datasets_segmented_text, datasets.status AS datasets_status, datasets.record_count AS datasets_record_count, datasets."Ai_confidence" AS "datasets_Ai_confidence", datasets.audio_file_path AS datasets_audio_file_path, datasets.created_at AS datasets_created_at, datasets.updated_at AS datasets_updated_at 
FROM datasets 
WHERE datasets.domain_id = %(domain_id_1)s AND datasets.collector_id = %(collector_id_1)s) AS anon_1
INFO:sqlalchemy.engine.Engine:[generated in 0.00035s] {'domain_id_1': 4, 'collector_id_1': 1}
INFO:sqlalchemy.engine.Engine:SELECT count(*) AS count_1 
FROM (SELECT datasets.id AS datasets_id, datasets.name AS datasets_name, datasets.domain_id AS datasets_domain_id, datasets.collector_id AS datasets_collector_id, datasets.ref_number AS datasets_ref_number, datasets.description AS datasets_description, datasets.combined_text AS datasets_combined_text, datasets.segmented_text AS datasets_segmented_text, datasets.status AS datasets_status, datasets.record_count AS datasets_record_count, datasets."Ai_confidence" AS "datasets_Ai_confidence", datasets.audio_file_path AS datasets_audio_file_path, datasets.created_at AS datasets_created_at, datasets.updated_at AS datasets_updated_at 
FROM datasets 
WHERE datasets.domain_id = %(domain_id_1)s AND datasets.collector_id = %(collector_id_1)s AND datasets.status IN (%(status_1_1)s, %(status_1_2)s)) AS anon_1
INFO:sqlalchemy.engine.Engine:[generated in 0.00033s] {'domain_id_1': 4, 'collector_id_1': 1, 'status_1_1': 'AI_Passed', 'status_1_2': 'Verified'}
INFO:sqlalchemy.engine.Engine:ROLLBACK
INFO:werkzeug:127.0.0.1 - - [22/Feb/2026 12:13:34] "GET /api/main/collector-stats/1 HTTP/1.1" 200 -
INFO:sqlalchemy.engine.Engine:BEGIN (implicit)
INFO:sqlalchemy.engine.Engine:SELECT "Users".id AS "Users_id", "Users".user_type AS "Users_user_type", "Users".first_name AS "Users_first_name", "Users".second_name AS "Users_second_name", "Users".email AS "Users_email", "Users".is_verified AS "Users_is_verified", "Users".domain_name AS "Users_domain_name", "Users".role AS "Users_role", "Users".reference_number AS "Users_reference_number", "Users".password_hash AS "Users_password_hash" 
FROM "Users" 
WHERE "Users".id = %(pk_1)s
INFO:sqlalchemy.engine.Engine:[cached since 0.08764s ago] {'pk_1': 1}
INFO:sqlalchemy.engine.Engine:SELECT domain.id AS domain_id, domain.owner_id AS domain_owner_id, domain.domain_name AS domain_domain_name, domain.is_active AS domain_is_active, domain.total_budget AS domain_total_budget, domain.amount_paid AS domain_amount_paid, domain.deposit_amount AS domain_deposit_amount, domain.payment_status AS domain_payment_status, domain.target_goal AS domain_target_goal, domain.is_automated AS domain_is_automated, domain.reference_number AS domain_reference_number, domain.requirements AS domain_requirements 
FROM domain 
WHERE domain.reference_number = %(reference_number_1)s 
 LIMIT %(param_1)s
INFO:sqlalchemy.engine.Engine:[cached since 99.81s ago] {'reference_number_1': '965936', 'param_1': 1}
INFO:sqlalchemy.engine.Engine:SELECT count(*) AS count_1 
FROM (SELECT datasets.id AS datasets_id, datasets.name AS datasets_name, datasets.domain_id AS datasets_domain_id, datasets.collector_id AS datasets_collector_id, datasets.ref_number AS datasets_ref_number, datasets.description AS datasets_description, datasets.combined_text AS datasets_combined_text, datasets.segmented_text AS datasets_segmented_text, datasets.status AS datasets_status, datasets.record_count AS datasets_record_count, datasets."Ai_confidence" AS "datasets_Ai_confidence", datasets.audio_file_path AS datasets_audio_file_path, datasets.created_at AS datasets_created_at, datasets.updated_at AS datasets_updated_at 
FROM datasets 
WHERE datasets.domain_id = %(domain_id_1)s) AS anon_1
INFO:sqlalchemy.engine.Engine:[cached since 0.08008s ago] {'domain_id_1': 4}
INFO:sqlalchemy.engine.Engine:SELECT count(*) AS count_1 
FROM (SELECT DISTINCT ON (datasets.collector_id) datasets.id AS datasets_id, datasets.name AS datasets_name, datasets.domain_id AS datasets_domain_id, datasets.collector_id AS datasets_collector_id, datasets.ref_number AS datasets_ref_number, datasets.description AS datasets_description, datasets.combined_text AS datasets_combined_text, datasets.segmented_text AS datasets_segmented_text, datasets.status AS datasets_status, datasets.record_count AS datasets_record_count, datasets."Ai_confidence" AS "datasets_Ai_confidence", datasets.audio_file_path AS datasets_audio_file_path, datasets.created_at AS datasets_created_at, datasets.updated_at AS datasets_updated_at 
FROM datasets 
WHERE datasets.domain_id = %(domain_id_1)s) AS anon_1
INFO:sqlalchemy.engine.Engine:[cached since 0.06363s ago] {'domain_id_1': 4}
INFO:sqlalchemy.engine.Engine:SELECT count(*) AS count_1 
FROM (SELECT datasets.id AS datasets_id, datasets.name AS datasets_name, datasets.domain_id AS datasets_domain_id, datasets.collector_id AS datasets_collector_id, datasets.ref_number AS datasets_ref_number, datasets.description AS datasets_description, datasets.combined_text AS datasets_combined_text, datasets.segmented_text AS datasets_segmented_text, datasets.status AS datasets_status, datasets.record_count AS datasets_record_count, datasets."Ai_confidence" AS "datasets_Ai_confidence", datasets.audio_file_path AS datasets_audio_file_path, datasets.created_at AS datasets_created_at, datasets.updated_at AS datasets_updated_at 
FROM datasets 
WHERE datasets.domain_id = %(domain_id_1)s AND datasets.collector_id = %(collector_id_1)s) AS anon_1
INFO:sqlalchemy.engine.Engine:[cached since 0.04353s ago] {'domain_id_1': 4, 'collector_id_1': 1}
INFO:sqlalchemy.engine.Engine:SELECT count(*) AS count_1 
FROM (SELECT datasets.id AS datasets_id, datasets.name AS datasets_name, datasets.domain_id AS datasets_domain_id, datasets.collector_id AS datasets_collector_id, datasets.ref_number AS datasets_ref_number, datasets.description AS datasets_description, datasets.combined_text AS datasets_combined_text, datasets.segmented_text AS datasets_segmented_text, datasets.status AS datasets_status, datasets.record_count AS datasets_record_count, datasets."Ai_confidence" AS "datasets_Ai_confidence", datasets.audio_file_path AS datasets_audio_file_path, datasets.created_at AS datasets_created_at, datasets.updated_at AS datasets_updated_at 
FROM datasets 
WHERE datasets.domain_id = %(domain_id_1)s AND datasets.collector_id = %(collector_id_1)s AND datasets.status IN (%(status_1_1)s, %(status_1_2)s)) AS anon_1
INFO:sqlalchemy.engine.Engine:[cached since 0.03079s ago] {'domain_id_1': 4, 'collector_id_1': 1, 'status_1_1': 'AI_Passed', 'status_1_2': 'Verified'}
INFO:sqlalchemy.engine.Engine:ROLLBACK
INFO:werkzeug:127.0.0.1 - - [22/Feb/2026 12:13:34] "GET /api/main/collector-stats/1 HTTP/1.1" 200 -
INFO:werkzeug:127.0.0.1 - - [22/Feb/2026 12:14:43] "OPTIONS /api/Auth/login HTTP/1.1" 200 -
INFO:sqlalchemy.engine.Engine:BEGIN (implicit)
INFO:sqlalchemy.engine.Engine:SELECT domain.id AS domain_id, domain.owner_id AS domain_owner_id, domain.domain_name AS domain_domain_name, domain.is_active AS domain_is_active, domain.total_budget AS domain_total_budget, domain.amount_paid AS domain_amount_paid, domain.deposit_amount AS domain_deposit_amount, domain.payment_status AS domain_payment_status, domain.target_goal AS domain_target_goal, domain.is_automated AS domain_is_automated, domain.reference_number AS domain_reference_number, domain.requirements AS domain_requirements 
FROM domain 
WHERE domain.reference_number = %(reference_number_1)s 
 LIMIT %(param_1)s
INFO:sqlalchemy.engine.Engine:[cached since 169.3s ago] {'reference_number_1': 'SMAR--Z72ITC', 'param_1': 1}
INFO:sqlalchemy.engine.Engine:SELECT "DomainOwner".id AS "DomainOwner_id", "DomainOwner".user_type AS "DomainOwner_user_type", "DomainOwner".first_name AS "DomainOwner_first_name", "DomainOwner".last_name AS "DomainOwner_last_name", "DomainOwner".username AS "DomainOwner_username", "DomainOwner".is_verified AS "DomainOwner_is_verified", "DomainOwner".email AS "DomainOwner_email", "DomainOwner".domain_field AS "DomainOwner_domain_field", "DomainOwner".reference_number AS "DomainOwner_reference_number", "DomainOwner".password_hash AS "DomainOwner_password_hash" 
FROM "DomainOwner" 
WHERE "DomainOwner".email = %(email_1)s AND "DomainOwner".reference_number = %(reference_number_1)s 
 LIMIT %(param_1)s
INFO:sqlalchemy.engine.Engine:[generated in 0.00240s] {'email_1': 'carencaren@gmail.com', 'reference_number_1': 'SMAR--Z72ITC', 'param_1': 1}
INFO:sqlalchemy.engine.Engine:SELECT "Users".id AS "Users_id", "Users".user_type AS "Users_user_type", "Users".first_name AS "Users_first_name", "Users".second_name AS "Users_second_name", "Users".email AS "Users_email", "Users".is_verified AS "Users_is_verified", "Users".domain_name AS "Users_domain_name", "Users".role AS "Users_role", "Users".reference_number AS "Users_reference_number", "Users".password_hash AS "Users_password_hash" 
FROM "Users" 
WHERE "Users".email = %(email_1)s AND "Users".reference_number = %(reference_number_1)s 
 LIMIT %(param_1)s
INFO:sqlalchemy.engine.Engine:[generated in 0.00041s] {'email_1': 'carencaren@gmail.com', 'reference_number_1': 'SMAR--Z72ITC', 'param_1': 1}
INFO:sqlalchemy.engine.Engine:ROLLBACK
INFO:werkzeug:127.0.0.1 - - [22/Feb/2026 12:14:44] "POST /api/Auth/login HTTP/1.1" 200 -
INFO:sqlalchemy.engine.Engine:BEGIN (implicit)
INFO:sqlalchemy.engine.Engine:SELECT "Users".id AS "Users_id", "Users".user_type AS "Users_user_type", "Users".first_name AS "Users_first_name", "Users".second_name AS "Users_second_name", "Users".email AS "Users_email", "Users".is_verified AS "Users_is_verified", "Users".domain_name AS "Users_domain_name", "Users".role AS "Users_role", "Users".reference_number AS "Users_reference_number", "Users".password_hash AS "Users_password_hash" 
FROM "Users" 
WHERE "Users".id = %(pk_1)s
INFO:sqlalchemy.engine.Engine:[cached since 69.8s ago] {'pk_1': 4}
INFO:sqlalchemy.engine.Engine:SELECT domain.id AS domain_id, domain.owner_id AS domain_owner_id, domain.domain_name AS domain_domain_name, domain.is_active AS domain_is_active, domain.total_budget AS domain_total_budget, domain.amount_paid AS domain_amount_paid, domain.deposit_amount AS domain_deposit_amount, domain.payment_status AS domain_payment_status, domain.target_goal AS domain_target_goal, domain.is_automated AS domain_is_automated, domain.reference_number AS domain_reference_number, domain.requirements AS domain_requirements 
FROM domain 
WHERE domain.reference_number = %(reference_number_1)s 
 LIMIT %(param_1)s
INFO:sqlalchemy.engine.Engine:[cached since 169.5s ago] {'reference_number_1': 'SMAR--Z72ITC', 'param_1': 1}
INFO:sqlalchemy.engine.Engine:SELECT count(*) AS count_1 
FROM (SELECT datasets.id AS datasets_id, datasets.name AS datasets_name, datasets.domain_id AS datasets_domain_id, datasets.collector_id AS datasets_collector_id, datasets.ref_number AS datasets_ref_number, datasets.description AS datasets_description, datasets.combined_text AS datasets_combined_text, datasets.segmented_text AS datasets_segmented_text, datasets.status AS datasets_status, datasets.record_count AS datasets_record_count, datasets."Ai_confidence" AS "datasets_Ai_confidence", datasets.audio_file_path AS datasets_audio_file_path, datasets.created_at AS datasets_created_at, datasets.updated_at AS datasets_updated_at 
FROM datasets 
WHERE datasets.domain_id = %(domain_id_1)s) AS anon_1
INFO:sqlalchemy.engine.Engine:[cached since 69.79s ago] {'domain_id_1': 11}
INFO:sqlalchemy.engine.Engine:SELECT count(*) AS count_1 
FROM (SELECT DISTINCT ON (datasets.collector_id) datasets.id AS datasets_id, datasets.name AS datasets_name, datasets.domain_id AS datasets_domain_id, datasets.collector_id AS datasets_collector_id, datasets.ref_number AS datasets_ref_number, datasets.description AS datasets_description, datasets.combined_text AS datasets_combined_text, datasets.segmented_text AS datasets_segmented_text, datasets.status AS datasets_status, datasets.record_count AS datasets_record_count, datasets."Ai_confidence" AS "datasets_Ai_confidence", datasets.audio_file_path AS datasets_audio_file_path, datasets.created_at AS datasets_created_at, datasets.updated_at AS datasets_updated_at 
FROM datasets 
WHERE datasets.domain_id = %(domain_id_1)s) AS anon_1
INFO:sqlalchemy.engine.Engine:[cached since 69.77s ago] {'domain_id_1': 11}
INFO:sqlalchemy.engine.Engine:SELECT count(*) AS count_1 
FROM (SELECT datasets.id AS datasets_id, datasets.name AS datasets_name, datasets.domain_id AS datasets_domain_id, datasets.collector_id AS datasets_collector_id, datasets.ref_number AS datasets_ref_number, datasets.description AS datasets_description, datasets.combined_text AS datasets_combined_text, datasets.segmented_text AS datasets_segmented_text, datasets.status AS datasets_status, datasets.record_count AS datasets_record_count, datasets."Ai_confidence" AS "datasets_Ai_confidence", datasets.audio_file_path AS datasets_audio_file_path, datasets.created_at AS datasets_created_at, datasets.updated_at AS datasets_updated_at 
FROM datasets 
WHERE datasets.domain_id = %(domain_id_1)s AND datasets.collector_id = %(collector_id_1)s) AS anon_1
INFO:sqlalchemy.engine.Engine:[cached since 69.74s ago] {'domain_id_1': 11, 'collector_id_1': 4}
INFO:sqlalchemy.engine.Engine:SELECT count(*) AS count_1 
FROM (SELECT datasets.id AS datasets_id, datasets.name AS datasets_name, datasets.domain_id AS datasets_domain_id, datasets.collector_id AS datasets_collector_id, datasets.ref_number AS datasets_ref_number, datasets.description AS datasets_description, datasets.combined_text AS datasets_combined_text, datasets.segmented_text AS datasets_segmented_text, datasets.status AS datasets_status, datasets.record_count AS datasets_record_count, datasets."Ai_confidence" AS "datasets_Ai_confidence", datasets.audio_file_path AS datasets_audio_file_path, datasets.created_at AS datasets_created_at, datasets.updated_at AS datasets_updated_at 
FROM datasets 
WHERE datasets.domain_id = %(domain_id_1)s AND datasets.collector_id = %(collector_id_1)s AND datasets.status IN (%(status_1_1)s, %(status_1_2)s)) AS anon_1
INFO:sqlalchemy.engine.Engine:[cached since 69.73s ago] {'domain_id_1': 11, 'collector_id_1': 4, 'status_1_1': 'AI_Passed', 'status_1_2': 'Verified'}
INFO:sqlalchemy.engine.Engine:ROLLBACK
INFO:werkzeug:127.0.0.1 - - [22/Feb/2026 12:14:44] "GET /api/main/collector-stats/4 HTTP/1.1" 200 -
INFO:sqlalchemy.engine.Engine:BEGIN (implicit)
INFO:sqlalchemy.engine.Engine:SELECT "Users".id AS "Users_id", "Users".user_type AS "Users_user_type", "Users".first_name AS "Users_first_name", "Users".second_name AS "Users_second_name", "Users".email AS "Users_email", "Users".is_verified AS "Users_is_verified", "Users".domain_name AS "Users_domain_name", "Users".role AS "Users_role", "Users".reference_number AS "Users_reference_number", "Users".password_hash AS "Users_password_hash" 
FROM "Users" 
WHERE "Users".id = %(pk_1)s
INFO:sqlalchemy.engine.Engine:[cached since 69.81s ago] {'pk_1': 4}
INFO:sqlalchemy.engine.Engine:SELECT domain.id AS domain_id, domain.owner_id AS domain_owner_id, domain.domain_name AS domain_domain_name, domain.is_active AS domain_is_active, domain.total_budget AS domain_total_budget, domain.amount_paid AS domain_amount_paid, domain.deposit_amount AS domain_deposit_amount, domain.payment_status AS domain_payment_status, domain.target_goal AS domain_target_goal, domain.is_automated AS domain_is_automated, domain.reference_number AS domain_reference_number, domain.requirements AS domain_requirements 
FROM domain 
WHERE domain.reference_number = %(reference_number_1)s 
 LIMIT %(param_1)s
INFO:sqlalchemy.engine.Engine:[cached since 169.5s ago] {'reference_number_1': 'SMAR--Z72ITC', 'param_1': 1}
INFO:sqlalchemy.engine.Engine:SELECT count(*) AS count_1 
FROM (SELECT datasets.id AS datasets_id, datasets.name AS datasets_name, datasets.domain_id AS datasets_domain_id, datasets.collector_id AS datasets_collector_id, datasets.ref_number AS datasets_ref_number, datasets.description AS datasets_description, datasets.combined_text AS datasets_combined_text, datasets.segmented_text AS datasets_segmented_text, datasets.status AS datasets_status, datasets.record_count AS datasets_record_count, datasets."Ai_confidence" AS "datasets_Ai_confidence", datasets.audio_file_path AS datasets_audio_file_path, datasets.created_at AS datasets_created_at, datasets.updated_at AS datasets_updated_at 
FROM datasets 
WHERE datasets.domain_id = %(domain_id_1)s) AS anon_1
INFO:sqlalchemy.engine.Engine:[cached since 69.8s ago] {'domain_id_1': 11}
INFO:sqlalchemy.engine.Engine:SELECT count(*) AS count_1 
FROM (SELECT DISTINCT ON (datasets.collector_id) datasets.id AS datasets_id, datasets.name AS datasets_name, datasets.domain_id AS datasets_domain_id, datasets.collector_id AS datasets_collector_id, datasets.ref_number AS datasets_ref_number, datasets.description AS datasets_description, datasets.combined_text AS datasets_combined_text, datasets.segmented_text AS datasets_segmented_text, datasets.status AS datasets_status, datasets.record_count AS datasets_record_count, datasets."Ai_confidence" AS "datasets_Ai_confidence", datasets.audio_file_path AS datasets_audio_file_path, datasets.created_at AS datasets_created_at, datasets.updated_at AS datasets_updated_at 
FROM datasets 
WHERE datasets.domain_id = %(domain_id_1)s) AS anon_1
INFO:sqlalchemy.engine.Engine:[cached since 69.79s ago] {'domain_id_1': 11}
INFO:sqlalchemy.engine.Engine:SELECT count(*) AS count_1 
FROM (SELECT datasets.id AS datasets_id, datasets.name AS datasets_name, datasets.domain_id AS datasets_domain_id, datasets.collector_id AS datasets_collector_id, datasets.ref_number AS datasets_ref_number, datasets.description AS datasets_description, datasets.combined_text AS datasets_combined_text, datasets.segmented_text AS datasets_segmented_text, datasets.status AS datasets_status, datasets.record_count AS datasets_record_count, datasets."Ai_confidence" AS "datasets_Ai_confidence", datasets.audio_file_path AS datasets_audio_file_path, datasets.created_at AS datasets_created_at, datasets.updated_at AS datasets_updated_at 
FROM datasets 
WHERE datasets.domain_id = %(domain_id_1)s AND datasets.collector_id = %(collector_id_1)s) AS anon_1
INFO:sqlalchemy.engine.Engine:[cached since 69.76s ago] {'domain_id_1': 11, 'collector_id_1': 4}
INFO:sqlalchemy.engine.Engine:SELECT count(*) AS count_1 
FROM (SELECT datasets.id AS datasets_id, datasets.name AS datasets_name, datasets.domain_id AS datasets_domain_id, datasets.collector_id AS datasets_collector_id, datasets.ref_number AS datasets_ref_number, datasets.description AS datasets_description, datasets.combined_text AS datasets_combined_text, datasets.segmented_text AS datasets_segmented_text, datasets.status AS datasets_status, datasets.record_count AS datasets_record_count, datasets."Ai_confidence" AS "datasets_Ai_confidence", datasets.audio_file_path AS datasets_audio_file_path, datasets.created_at AS datasets_created_at, datasets.updated_at AS datasets_updated_at 
FROM datasets 
WHERE datasets.domain_id = %(domain_id_1)s AND datasets.collector_id = %(collector_id_1)s AND datasets.status IN (%(status_1_1)s, %(status_1_2)s)) AS anon_1
INFO:sqlalchemy.engine.Engine:[cached since 69.75s ago] {'domain_id_1': 11, 'collector_id_1': 4, 'status_1_1': 'AI_Passed', 'status_1_2': 'Verified'}
INFO:sqlalchemy.engine.Engine:ROLLBACK
INFO:werkzeug:127.0.0.1 - - [22/Feb/2026 12:14:44] "GET /api/main/collector-stats/4 HTTP/1.1" 200 -
INFO:sqlalchemy.engine.Engine:BEGIN (implicit)
INFO:sqlalchemy.engine.Engine:SELECT domain.id AS domain_id, domain.owner_id AS domain_owner_id, domain.domain_name AS domain_domain_name, domain.is_active AS domain_is_active, domain.total_budget AS domain_total_budget, domain.amount_paid AS domain_amount_paid, domain.deposit_amount AS domain_deposit_amount, domain.payment_status AS domain_payment_status, domain.target_goal AS domain_target_goal, domain.is_automated AS domain_is_automated, domain.reference_number AS domain_reference_number, domain.requirements AS domain_requirements 
FROM domain 
WHERE domain.id = %(pk_1)s
INFO:sqlalchemy.engine.Engine:[cached since 345.1s ago] {'pk_1': 11}
INFO:sqlalchemy.engine.Engine:SELECT domain_features.id AS domain_features_id, domain_features.name AS domain_features_name, domain_features.domain_id AS domain_features_domain_id 
FROM domain_features 
WHERE %(param_1)s = domain_features.domain_id
INFO:sqlalchemy.engine.Engine:[generated in 0.00045s] {'param_1': 11}
INFO:sqlalchemy.engine.Engine:ROLLBACK
INFO:werkzeug:127.0.0.1 - - [22/Feb/2026 12:15:59] "[35m[1mPOST /api/core/transcribe HTTP/1.1[0m" 500 -
INFO:sqlalchemy.engine.Engine:BEGIN (implicit)
INFO:sqlalchemy.engine.Engine:SELECT "Users".id AS "Users_id", "Users".user_type AS "Users_user_type", "Users".first_name AS "Users_first_name", "Users".second_name AS "Users_second_name", "Users".email AS "Users_email", "Users".is_verified AS "Users_is_verified", "Users".domain_name AS "Users_domain_name", "Users".role AS "Users_role", "Users".reference_number AS "Users_reference_number", "Users".password_hash AS "Users_password_hash" 
FROM "Users" 
WHERE "Users".id = %(pk_1)s
INFO:sqlalchemy.engine.Engine:[cached since 148.4s ago] {'pk_1': 4}
INFO:sqlalchemy.engine.Engine:SELECT domain.id AS domain_id, domain.owner_id AS domain_owner_id, domain.domain_name AS domain_domain_name, domain.is_active AS domain_is_active, domain.total_budget AS domain_total_budget, domain.amount_paid AS domain_amount_paid, domain.deposit_amount AS domain_deposit_amount, domain.payment_status AS domain_payment_status, domain.target_goal AS domain_target_goal, domain.is_automated AS domain_is_automated, domain.reference_number AS domain_reference_number, domain.requirements AS domain_requirements 
FROM domain 
WHERE domain.reference_number = %(reference_number_1)s 
 LIMIT %(param_1)s
INFO:sqlalchemy.engine.Engine:[cached since 248.1s ago] {'reference_number_1': 'SMAR--Z72ITC', 'param_1': 1}
INFO:sqlalchemy.engine.Engine:SELECT count(*) AS count_1 
FROM (SELECT datasets.id AS datasets_id, datasets.name AS datasets_name, datasets.domain_id AS datasets_domain_id, datasets.collector_id AS datasets_collector_id, datasets.ref_number AS datasets_ref_number, datasets.description AS datasets_description, datasets.combined_text AS datasets_combined_text, datasets.segmented_text AS datasets_segmented_text, datasets.status AS datasets_status, datasets.record_count AS datasets_record_count, datasets."Ai_confidence" AS "datasets_Ai_confidence", datasets.audio_file_path AS datasets_audio_file_path, datasets.created_at AS datasets_created_at, datasets.updated_at AS datasets_updated_at 
FROM datasets 
WHERE datasets.domain_id = %(domain_id_1)s) AS anon_1
INFO:sqlalchemy.engine.Engine:[cached since 148.4s ago] {'domain_id_1': 11}
INFO:sqlalchemy.engine.Engine:SELECT count(*) AS count_1 
FROM (SELECT DISTINCT ON (datasets.collector_id) datasets.id AS datasets_id, datasets.name AS datasets_name, datasets.domain_id AS datasets_domain_id, datasets.collector_id AS datasets_collector_id, datasets.ref_number AS datasets_ref_number, datasets.description AS datasets_description, datasets.combined_text AS datasets_combined_text, datasets.segmented_text AS datasets_segmented_text, datasets.status AS datasets_status, datasets.record_count AS datasets_record_count, datasets."Ai_confidence" AS "datasets_Ai_confidence", datasets.audio_file_path AS datasets_audio_file_path, datasets.created_at AS datasets_created_at, datasets.updated_at AS datasets_updated_at 
FROM datasets 
WHERE datasets.domain_id = %(domain_id_1)s) AS anon_1
INFO:sqlalchemy.engine.Engine:[cached since 148.4s ago] {'domain_id_1': 11}
INFO:sqlalchemy.engine.Engine:SELECT count(*) AS count_1 
FROM (SELECT datasets.id AS datasets_id, datasets.name AS datasets_name, datasets.domain_id AS datasets_domain_id, datasets.collector_id AS datasets_collector_id, datasets.ref_number AS datasets_ref_number, datasets.description AS datasets_description, datasets.combined_text AS datasets_combined_text, datasets.segmented_text AS datasets_segmented_text, datasets.status AS datasets_status, datasets.record_count AS datasets_record_count, datasets."Ai_confidence" AS "datasets_Ai_confidence", datasets.audio_file_path AS datasets_audio_file_path, datasets.created_at AS datasets_created_at, datasets.updated_at AS datasets_updated_at 
FROM datasets 
WHERE datasets.domain_id = %(domain_id_1)s AND datasets.collector_id = %(collector_id_1)s) AS anon_1
INFO:sqlalchemy.engine.Engine:[cached since 148.4s ago] {'domain_id_1': 11, 'collector_id_1': 4}
INFO:sqlalchemy.engine.Engine:SELECT count(*) AS count_1 
FROM (SELECT datasets.id AS datasets_id, datasets.name AS datasets_name, datasets.domain_id AS datasets_domain_id, datasets.collector_id AS datasets_collector_id, datasets.ref_number AS datasets_ref_number, datasets.description AS datasets_description, datasets.combined_text AS datasets_combined_text, datasets.segmented_text AS datasets_segmented_text, datasets.status AS datasets_status, datasets.record_count AS datasets_record_count, datasets."Ai_confidence" AS "datasets_Ai_confidence", datasets.audio_file_path AS datasets_audio_file_path, datasets.created_at AS datasets_created_at, datasets.updated_at AS datasets_updated_at 
FROM datasets 
WHERE datasets.domain_id = %(domain_id_1)s AND datasets.collector_id = %(collector_id_1)s AND datasets.status IN (%(status_1_1)s, %(status_1_2)s)) AS anon_1
INFO:sqlalchemy.engine.Engine:[cached since 148.4s ago] {'domain_id_1': 11, 'collector_id_1': 4, 'status_1_1': 'AI_Passed', 'status_1_2': 'Verified'}
INFO:sqlalchemy.engine.Engine:ROLLBACK
INFO:werkzeug:127.0.0.1 - - [22/Feb/2026 12:16:02] "GET /api/main/collector-stats/4 HTTP/1.1" 200 -
INFO:sqlalchemy.engine.Engine:BEGIN (implicit)
INFO:sqlalchemy.engine.Engine:SELECT "Users".id AS "Users_id", "Users".user_type AS "Users_user_type", "Users".first_name AS "Users_first_name", "Users".second_name AS "Users_second_name", "Users".email AS "Users_email", "Users".is_verified AS "Users_is_verified", "Users".domain_name AS "Users_domain_name", "Users".role AS "Users_role", "Users".reference_number AS "Users_reference_number", "Users".password_hash AS "Users_password_hash" 
FROM "Users" 
WHERE "Users".id = %(pk_1)s
INFO:sqlalchemy.engine.Engine:[cached since 148.4s ago] {'pk_1': 4}
INFO:sqlalchemy.engine.Engine:SELECT domain.id AS domain_id, domain.owner_id AS domain_owner_id, domain.domain_name AS domain_domain_name, domain.is_active AS domain_is_active, domain.total_budget AS domain_total_budget, domain.amount_paid AS domain_amount_paid, domain.deposit_amount AS domain_deposit_amount, domain.payment_status AS domain_payment_status, domain.target_goal AS domain_target_goal, domain.is_automated AS domain_is_automated, domain.reference_number AS domain_reference_number, domain.requirements AS domain_requirements 
FROM domain 
WHERE domain.reference_number = %(reference_number_1)s 
 LIMIT %(param_1)s
INFO:sqlalchemy.engine.Engine:[cached since 248.2s ago] {'reference_number_1': 'SMAR--Z72ITC', 'param_1': 1}
INFO:sqlalchemy.engine.Engine:SELECT count(*) AS count_1 
FROM (SELECT datasets.id AS datasets_id, datasets.name AS datasets_name, datasets.domain_id AS datasets_domain_id, datasets.collector_id AS datasets_collector_id, datasets.ref_number AS datasets_ref_number, datasets.description AS datasets_description, datasets.combined_text AS datasets_combined_text, datasets.segmented_text AS datasets_segmented_text, datasets.status AS datasets_status, datasets.record_count AS datasets_record_count, datasets."Ai_confidence" AS "datasets_Ai_confidence", datasets.audio_file_path AS datasets_audio_file_path, datasets.created_at AS datasets_created_at, datasets.updated_at AS datasets_updated_at 
FROM datasets 
WHERE datasets.domain_id = %(domain_id_1)s) AS anon_1
INFO:sqlalchemy.engine.Engine:[cached since 148.4s ago] {'domain_id_1': 11}
INFO:sqlalchemy.engine.Engine:SELECT count(*) AS count_1 
FROM (SELECT DISTINCT ON (datasets.collector_id) datasets.id AS datasets_id, datasets.name AS datasets_name, datasets.domain_id AS datasets_domain_id, datasets.collector_id AS datasets_collector_id, datasets.ref_number AS datasets_ref_number, datasets.description AS datasets_description, datasets.combined_text AS datasets_combined_text, datasets.segmented_text AS datasets_segmented_text, datasets.status AS datasets_status, datasets.record_count AS datasets_record_count, datasets."Ai_confidence" AS "datasets_Ai_confidence", datasets.audio_file_path AS datasets_audio_file_path, datasets.created_at AS datasets_created_at, datasets.updated_at AS datasets_updated_at 
FROM datasets 
WHERE datasets.domain_id = %(domain_id_1)s) AS anon_1
INFO:sqlalchemy.engine.Engine:[cached since 148.4s ago] {'domain_id_1': 11}
INFO:sqlalchemy.engine.Engine:SELECT count(*) AS count_1 
FROM (SELECT datasets.id AS datasets_id, datasets.name AS datasets_name, datasets.domain_id AS datasets_domain_id, datasets.collector_id AS datasets_collector_id, datasets.ref_number AS datasets_ref_number, datasets.description AS datasets_description, datasets.combined_text AS datasets_combined_text, datasets.segmented_text AS datasets_segmented_text, datasets.status AS datasets_status, datasets.record_count AS datasets_record_count, datasets."Ai_confidence" AS "datasets_Ai_confidence", datasets.audio_file_path AS datasets_audio_file_path, datasets.created_at AS datasets_created_at, datasets.updated_at AS datasets_updated_at 
FROM datasets 
WHERE datasets.domain_id = %(domain_id_1)s AND datasets.collector_id = %(collector_id_1)s) AS anon_1
INFO:sqlalchemy.engine.Engine:[cached since 148.4s ago] {'domain_id_1': 11, 'collector_id_1': 4}
INFO:sqlalchemy.engine.Engine:SELECT count(*) AS count_1 
FROM (SELECT datasets.id AS datasets_id, datasets.name AS datasets_name, datasets.domain_id AS datasets_domain_id, datasets.collector_id AS datasets_collector_id, datasets.ref_number AS datasets_ref_number, datasets.description AS datasets_description, datasets.combined_text AS datasets_combined_text, datasets.segmented_text AS datasets_segmented_text, datasets.status AS datasets_status, datasets.record_count AS datasets_record_count, datasets."Ai_confidence" AS "datasets_Ai_confidence", datasets.audio_file_path AS datasets_audio_file_path, datasets.created_at AS datasets_created_at, datasets.updated_at AS datasets_updated_at 
FROM datasets 
WHERE datasets.domain_id = %(domain_id_1)s AND datasets.collector_id = %(collector_id_1)s AND datasets.status IN (%(status_1_1)s, %(status_1_2)s)) AS anon_1
INFO:sqlalchemy.engine.Engine:[cached since 148.4s ago] {'domain_id_1': 11, 'collector_id_1': 4, 'status_1_1': 'AI_Passed', 'status_1_2': 'Verified'}
INFO:sqlalchemy.engine.Engine:ROLLBACK
INFO:werkzeug:127.0.0.1 - - [22/Feb/2026 12:16:02] "GET /api/main/collector-stats/4 HTTP/1.1" 200 -
INFO:werkzeug:[31m[1mWARNING: This is a development server. Do not use it in a production deployment. Use a production WSGI server instead.[0m
 * Running on all addresses (0.0.0.0)
 * Running on http://127.0.0.1:8000
 * Running on http://192.168.27.128:8000
INFO:werkzeug:[33mPress CTRL+C to quit[0m
INFO:werkzeug: * Restarting with stat
WARNING:werkzeug: * Debugger is active!
INFO:werkzeug: * Debugger PIN: 145-870-996
INFO:sqlalchemy.engine.Engine:select pg_catalog.version()
INFO:sqlalchemy.engine.Engine:[raw sql] {}
INFO:sqlalchemy.engine.Engine:select current_schema()
INFO:sqlalchemy.engine.Engine:[raw sql] {}
INFO:sqlalchemy.engine.Engine:show standard_conforming_strings
INFO:sqlalchemy.engine.Engine:[raw sql] {}
INFO:sqlalchemy.engine.Engine:BEGIN (implicit)
INFO:sqlalchemy.engine.Engine:BEGIN (implicit)
INFO:sqlalchemy.engine.Engine:SELECT "Users".id AS "Users_id", "Users".user_type AS "Users_user_type", "Users".first_name AS "Users_first_name", "Users".second_name AS "Users_second_name", "Users".email AS "Users_email", "Users".is_verified AS "Users_is_verified", "Users".domain_name AS "Users_domain_name", "Users".role AS "Users_role", "Users".reference_number AS "Users_reference_number", "Users".password_hash AS "Users_password_hash" 
FROM "Users" 
WHERE "Users".id = %(pk_1)s
INFO:sqlalchemy.engine.Engine:SELECT "Users".id AS "Users_id", "Users".user_type AS "Users_user_type", "Users".first_name AS "Users_first_name", "Users".second_name AS "Users_second_name", "Users".email AS "Users_email", "Users".is_verified AS "Users_is_verified", "Users".domain_name AS "Users_domain_name", "Users".role AS "Users_role", "Users".reference_number AS "Users_reference_number", "Users".password_hash AS "Users_password_hash" 
FROM "Users" 
WHERE "Users".id = %(pk_1)s
INFO:sqlalchemy.engine.Engine:[generated in 0.00329s] {'pk_1': 4}
INFO:sqlalchemy.engine.Engine:[cached since 0.003546s ago] {'pk_1': 4}
INFO:sqlalchemy.engine.Engine:SELECT domain.id AS domain_id, domain.owner_id AS domain_owner_id, domain.domain_name AS domain_domain_name, domain.is_active AS domain_is_active, domain.total_budget AS domain_total_budget, domain.amount_paid AS domain_amount_paid, domain.deposit_amount AS domain_deposit_amount, domain.payment_status AS domain_payment_status, domain.target_goal AS domain_target_goal, domain.is_automated AS domain_is_automated, domain.reference_number AS domain_reference_number, domain.requirements AS domain_requirements 
FROM domain 
WHERE domain.reference_number = %(reference_number_1)s 
 LIMIT %(param_1)s
INFO:sqlalchemy.engine.Engine:SELECT domain.id AS domain_id, domain.owner_id AS domain_owner_id, domain.domain_name AS domain_domain_name, domain.is_active AS domain_is_active, domain.total_budget AS domain_total_budget, domain.amount_paid AS domain_amount_paid, domain.deposit_amount AS domain_deposit_amount, domain.payment_status AS domain_payment_status, domain.target_goal AS domain_target_goal, domain.is_automated AS domain_is_automated, domain.reference_number AS domain_reference_number, domain.requirements AS domain_requirements 
FROM domain 
WHERE domain.reference_number = %(reference_number_1)s 
 LIMIT %(param_1)s
INFO:sqlalchemy.engine.Engine:[generated in 0.00137s] {'reference_number_1': 'SMAR--Z72ITC', 'param_1': 1}
INFO:sqlalchemy.engine.Engine:[cached since 0.001619s ago] {'reference_number_1': 'SMAR--Z72ITC', 'param_1': 1}
INFO:sqlalchemy.engine.Engine:SELECT count(*) AS count_1 
FROM (SELECT datasets.id AS datasets_id, datasets.name AS datasets_name, datasets.owner_id AS datasets_owner_id, datasets.domain_id AS datasets_domain_id, datasets.collector_id AS datasets_collector_id, datasets.ref_number AS datasets_ref_number, datasets.description AS datasets_description, datasets.combined_text AS datasets_combined_text, datasets.segmented_text AS datasets_segmented_text, datasets.status AS datasets_status, datasets.record_count AS datasets_record_count, datasets."Ai_confidence" AS "datasets_Ai_confidence", datasets.audio_file_path AS datasets_audio_file_path, datasets.created_at AS datasets_created_at, datasets.updated_at AS datasets_updated_at 
FROM datasets 
WHERE datasets.domain_id = %(domain_id_1)s) AS anon_1
INFO:sqlalchemy.engine.Engine:SELECT count(*) AS count_1 
FROM (SELECT datasets.id AS datasets_id, datasets.name AS datasets_name, datasets.owner_id AS datasets_owner_id, datasets.domain_id AS datasets_domain_id, datasets.collector_id AS datasets_collector_id, datasets.ref_number AS datasets_ref_number, datasets.description AS datasets_description, datasets.combined_text AS datasets_combined_text, datasets.segmented_text AS datasets_segmented_text, datasets.status AS datasets_status, datasets.record_count AS datasets_record_count, datasets."Ai_confidence" AS "datasets_Ai_confidence", datasets.audio_file_path AS datasets_audio_file_path, datasets.created_at AS datasets_created_at, datasets.updated_at AS datasets_updated_at 
FROM datasets 
WHERE datasets.domain_id = %(domain_id_1)s) AS anon_1
INFO:sqlalchemy.engine.Engine:[generated in 0.00167s] {'domain_id_1': 11}
INFO:sqlalchemy.engine.Engine:[generated in 0.00041s] {'domain_id_1': 11}
INFO:sqlalchemy.engine.Engine:SELECT count(*) AS count_1 
FROM (SELECT DISTINCT ON (datasets.collector_id) datasets.id AS datasets_id, datasets.name AS datasets_name, datasets.owner_id AS datasets_owner_id, datasets.domain_id AS datasets_domain_id, datasets.collector_id AS datasets_collector_id, datasets.ref_number AS datasets_ref_number, datasets.description AS datasets_description, datasets.combined_text AS datasets_combined_text, datasets.segmented_text AS datasets_segmented_text, datasets.status AS datasets_status, datasets.record_count AS datasets_record_count, datasets."Ai_confidence" AS "datasets_Ai_confidence", datasets.audio_file_path AS datasets_audio_file_path, datasets.created_at AS datasets_created_at, datasets.updated_at AS datasets_updated_at 
FROM datasets 
WHERE datasets.domain_id = %(domain_id_1)s) AS anon_1
INFO:sqlalchemy.engine.Engine:SELECT count(*) AS count_1 
FROM (SELECT DISTINCT ON (datasets.collector_id) datasets.id AS datasets_id, datasets.name AS datasets_name, datasets.owner_id AS datasets_owner_id, datasets.domain_id AS datasets_domain_id, datasets.collector_id AS datasets_collector_id, datasets.ref_number AS datasets_ref_number, datasets.description AS datasets_description, datasets.combined_text AS datasets_combined_text, datasets.segmented_text AS datasets_segmented_text, datasets.status AS datasets_status, datasets.record_count AS datasets_record_count, datasets."Ai_confidence" AS "datasets_Ai_confidence", datasets.audio_file_path AS datasets_audio_file_path, datasets.created_at AS datasets_created_at, datasets.updated_at AS datasets_updated_at 
FROM datasets 
WHERE datasets.domain_id = %(domain_id_1)s) AS anon_1
INFO:sqlalchemy.engine.Engine:[generated in 0.00369s] {'domain_id_1': 11}
INFO:sqlalchemy.engine.Engine:[generated in 0.00065s] {'domain_id_1': 11}
INFO:sqlalchemy.engine.Engine:SELECT count(*) AS count_1 
FROM (SELECT datasets.id AS datasets_id, datasets.name AS datasets_name, datasets.owner_id AS datasets_owner_id, datasets.domain_id AS datasets_domain_id, datasets.collector_id AS datasets_collector_id, datasets.ref_number AS datasets_ref_number, datasets.description AS datasets_description, datasets.combined_text AS datasets_combined_text, datasets.segmented_text AS datasets_segmented_text, datasets.status AS datasets_status, datasets.record_count AS datasets_record_count, datasets."Ai_confidence" AS "datasets_Ai_confidence", datasets.audio_file_path AS datasets_audio_file_path, datasets.created_at AS datasets_created_at, datasets.updated_at AS datasets_updated_at 
FROM datasets 
WHERE datasets.domain_id = %(domain_id_1)s AND datasets.collector_id = %(collector_id_1)s) AS anon_1
INFO:sqlalchemy.engine.Engine:SELECT count(*) AS count_1 
FROM (SELECT datasets.id AS datasets_id, datasets.name AS datasets_name, datasets.owner_id AS datasets_owner_id, datasets.domain_id AS datasets_domain_id, datasets.collector_id AS datasets_collector_id, datasets.ref_number AS datasets_ref_number, datasets.description AS datasets_description, datasets.combined_text AS datasets_combined_text, datasets.segmented_text AS datasets_segmented_text, datasets.status AS datasets_status, datasets.record_count AS datasets_record_count, datasets."Ai_confidence" AS "datasets_Ai_confidence", datasets.audio_file_path AS datasets_audio_file_path, datasets.created_at AS datasets_created_at, datasets.updated_at AS datasets_updated_at 
FROM datasets 
WHERE datasets.domain_id = %(domain_id_1)s AND datasets.collector_id = %(collector_id_1)s) AS anon_1
INFO:sqlalchemy.engine.Engine:[generated in 0.00165s] {'domain_id_1': 11, 'collector_id_1': 4}
INFO:sqlalchemy.engine.Engine:[generated in 0.00057s] {'domain_id_1': 11, 'collector_id_1': 4}
INFO:sqlalchemy.engine.Engine:SELECT count(*) AS count_1 
FROM (SELECT datasets.id AS datasets_id, datasets.name AS datasets_name, datasets.owner_id AS datasets_owner_id, datasets.domain_id AS datasets_domain_id, datasets.collector_id AS datasets_collector_id, datasets.ref_number AS datasets_ref_number, datasets.description AS datasets_description, datasets.combined_text AS datasets_combined_text, datasets.segmented_text AS datasets_segmented_text, datasets.status AS datasets_status, datasets.record_count AS datasets_record_count, datasets."Ai_confidence" AS "datasets_Ai_confidence", datasets.audio_file_path AS datasets_audio_file_path, datasets.created_at AS datasets_created_at, datasets.updated_at AS datasets_updated_at 
FROM datasets 
WHERE datasets.domain_id = %(domain_id_1)s AND datasets.collector_id = %(collector_id_1)s AND datasets.status IN (%(status_1_1)s, %(status_1_2)s)) AS anon_1
INFO:sqlalchemy.engine.Engine:SELECT count(*) AS count_1 
FROM (SELECT datasets.id AS datasets_id, datasets.name AS datasets_name, datasets.owner_id AS datasets_owner_id, datasets.domain_id AS datasets_domain_id, datasets.collector_id AS datasets_collector_id, datasets.ref_number AS datasets_ref_number, datasets.description AS datasets_description, datasets.combined_text AS datasets_combined_text, datasets.segmented_text AS datasets_segmented_text, datasets.status AS datasets_status, datasets.record_count AS datasets_record_count, datasets."Ai_confidence" AS "datasets_Ai_confidence", datasets.audio_file_path AS datasets_audio_file_path, datasets.created_at AS datasets_created_at, datasets.updated_at AS datasets_updated_at 
FROM datasets 
WHERE datasets.domain_id = %(domain_id_1)s AND datasets.collector_id = %(collector_id_1)s AND datasets.status IN (%(status_1_1)s, %(status_1_2)s)) AS anon_1
INFO:sqlalchemy.engine.Engine:[generated in 0.00132s] {'domain_id_1': 11, 'collector_id_1': 4, 'status_1_1': 'AI_Passed', 'status_1_2': 'Verified'}
INFO:sqlalchemy.engine.Engine:[cached since 0.001517s ago] {'domain_id_1': 11, 'collector_id_1': 4, 'status_1_1': 'AI_Passed', 'status_1_2': 'Verified'}
INFO:sqlalchemy.engine.Engine:ROLLBACK
INFO:werkzeug:127.0.0.1 - - [22/Feb/2026 13:08:56] "GET /api/main/collector-stats/4 HTTP/1.1" 200 -
INFO:sqlalchemy.engine.Engine:ROLLBACK
INFO:werkzeug:127.0.0.1 - - [22/Feb/2026 13:08:56] "GET /api/main/collector-stats/4 HTTP/1.1" 200 -
INFO:werkzeug:127.0.0.1 - - [22/Feb/2026 13:09:27] "OPTIONS /api/Auth/signup HTTP/1.1" 200 -
INFO:sqlalchemy.engine.Engine:BEGIN (implicit)
INFO:sqlalchemy.engine.Engine:SELECT "Users".id AS "Users_id", "Users".user_type AS "Users_user_type", "Users".first_name AS "Users_first_name", "Users".second_name AS "Users_second_name", "Users".email AS "Users_email", "Users".is_verified AS "Users_is_verified", "Users".domain_name AS "Users_domain_name", "Users".role AS "Users_role", "Users".reference_number AS "Users_reference_number", "Users".password_hash AS "Users_password_hash" 
FROM "Users" 
WHERE "Users".email = %(email_1)s 
 LIMIT %(param_1)s
INFO:sqlalchemy.engine.Engine:[generated in 0.00049s] {'email_1': 'KipkogeiGeorge@gmail.com', 'param_1': 1}
INFO:sqlalchemy.engine.Engine:SELECT "DomainOwner".id AS "DomainOwner_id", "DomainOwner".user_type AS "DomainOwner_user_type", "DomainOwner".first_name AS "DomainOwner_first_name", "DomainOwner".last_name AS "DomainOwner_last_name", "DomainOwner".username AS "DomainOwner_username", "DomainOwner".is_verified AS "DomainOwner_is_verified", "DomainOwner".email AS "DomainOwner_email", "DomainOwner".domain_field AS "DomainOwner_domain_field", "DomainOwner".reference_number AS "DomainOwner_reference_number", "DomainOwner".password_hash AS "DomainOwner_password_hash" 
FROM "DomainOwner" 
WHERE "DomainOwner".email = %(email_1)s 
 LIMIT %(param_1)s
INFO:sqlalchemy.engine.Engine:[generated in 0.00109s] {'email_1': 'KipkogeiGeorge@gmail.com', 'param_1': 1}
INFO:sqlalchemy.engine.Engine:SELECT "DomainOwner".id AS "DomainOwner_id", "DomainOwner".user_type AS "DomainOwner_user_type", "DomainOwner".first_name AS "DomainOwner_first_name", "DomainOwner".last_name AS "DomainOwner_last_name", "DomainOwner".username AS "DomainOwner_username", "DomainOwner".is_verified AS "DomainOwner_is_verified", "DomainOwner".email AS "DomainOwner_email", "DomainOwner".domain_field AS "DomainOwner_domain_field", "DomainOwner".reference_number AS "DomainOwner_reference_number", "DomainOwner".password_hash AS "DomainOwner_password_hash" 
FROM "DomainOwner" 
WHERE "DomainOwner".username = %(username_1)s 
 LIMIT %(param_1)s
INFO:sqlalchemy.engine.Engine:[generated in 0.00038s] {'username_1': 'kipkogei', 'param_1': 1}
INFO:sqlalchemy.engine.Engine:INSERT INTO "DomainOwner" (user_type, first_name, last_name, username, is_verified, email, domain_field, reference_number, password_hash) VALUES (%(user_type)s, %(first_name)s, %(last_name)s, %(username)s, %(is_verified)s, %(email)s, %(domain_field)s, %(reference_number)s, %(password_hash)s) RETURNING "DomainOwner".id
INFO:sqlalchemy.engine.Engine:[generated in 0.00028s] {'user_type': 'DomainOwner', 'first_name': 'george', 'last_name': 'Kipkogei', 'username': 'kipkogei', 'is_verified': False, 'email': 'KipkogeiGeorge@gmail.com', 'domain_field': 'Agriculture', 'reference_number': None, 'password_hash': 'scrypt:32768:8:1$tq7SpdYj9ZmdFpTl$27f935aeed2b1e2c6ed29ef250ba7d9344547aa42559441b439ca3243ef76d23e0606e78638070a8d50ac534ae2e6850e6038da1fd502c2f3abd51b3fb79eb0d'}
INFO:sqlalchemy.engine.Engine:COMMIT
INFO:sqlalchemy.engine.Engine:BEGIN (implicit)
INFO:sqlalchemy.engine.Engine:SELECT "DomainOwner".id AS "DomainOwner_id", "DomainOwner".user_type AS "DomainOwner_user_type", "DomainOwner".first_name AS "DomainOwner_first_name", "DomainOwner".last_name AS "DomainOwner_last_name", "DomainOwner".username AS "DomainOwner_username", "DomainOwner".is_verified AS "DomainOwner_is_verified", "DomainOwner".email AS "DomainOwner_email", "DomainOwner".domain_field AS "DomainOwner_domain_field", "DomainOwner".reference_number AS "DomainOwner_reference_number", "DomainOwner".password_hash AS "DomainOwner_password_hash" 
FROM "DomainOwner" 
WHERE "DomainOwner".id = %(pk_1)s
INFO:sqlalchemy.engine.Engine:[generated in 0.00058s] {'pk_1': 26}
INFO:sqlalchemy.engine.Engine:ROLLBACK
INFO:werkzeug:127.0.0.1 - - [22/Feb/2026 13:09:27] "[35m[1mPOST /api/Auth/signup HTTP/1.1[0m" 201 -
INFO:sqlalchemy.engine.Engine:BEGIN (implicit)
INFO:sqlalchemy.engine.Engine:SELECT "DomainOwner".id AS "DomainOwner_id", "DomainOwner".user_type AS "DomainOwner_user_type", "DomainOwner".first_name AS "DomainOwner_first_name", "DomainOwner".last_name AS "DomainOwner_last_name", "DomainOwner".username AS "DomainOwner_username", "DomainOwner".is_verified AS "DomainOwner_is_verified", "DomainOwner".email AS "DomainOwner_email", "DomainOwner".domain_field AS "DomainOwner_domain_field", "DomainOwner".reference_number AS "DomainOwner_reference_number", "DomainOwner".password_hash AS "DomainOwner_password_hash" 
FROM "DomainOwner" 
WHERE "DomainOwner".email = %(email_1)s 
 LIMIT %(param_1)s
INFO:sqlalchemy.engine.Engine:[cached since 36.55s ago] {'email_1': 'KipkogeiGeorge@gmail.com', 'param_1': 1}
INFO:sqlalchemy.engine.Engine:SELECT "Users".id AS "Users_id", "Users".user_type AS "Users_user_type", "Users".first_name AS "Users_first_name", "Users".second_name AS "Users_second_name", "Users".email AS "Users_email", "Users".is_verified AS "Users_is_verified", "Users".domain_name AS "Users_domain_name", "Users".role AS "Users_role", "Users".reference_number AS "Users_reference_number", "Users".password_hash AS "Users_password_hash" 
FROM "Users" 
WHERE "Users".email = %(email_1)s 
 LIMIT %(param_1)s
INFO:sqlalchemy.engine.Engine:[cached since 36.59s ago] {'email_1': 'KipkogeiGeorge@gmail.com', 'param_1': 1}
INFO:sqlalchemy.engine.Engine:UPDATE "DomainOwner" SET is_verified=%(is_verified)s WHERE "DomainOwner".id = %(DomainOwner_id)s
INFO:sqlalchemy.engine.Engine:[generated in 0.00043s] {'is_verified': True, 'DomainOwner_id': 26}
INFO:sqlalchemy.engine.Engine:COMMIT
INFO:sqlalchemy.engine.Engine:BEGIN (implicit)
INFO:sqlalchemy.engine.Engine:SELECT "DomainOwner".id AS "DomainOwner_id", "DomainOwner".user_type AS "DomainOwner_user_type", "DomainOwner".first_name AS "DomainOwner_first_name", "DomainOwner".last_name AS "DomainOwner_last_name", "DomainOwner".username AS "DomainOwner_username", "DomainOwner".is_verified AS "DomainOwner_is_verified", "DomainOwner".email AS "DomainOwner_email", "DomainOwner".domain_field AS "DomainOwner_domain_field", "DomainOwner".reference_number AS "DomainOwner_reference_number", "DomainOwner".password_hash AS "DomainOwner_password_hash" 
FROM "DomainOwner" 
WHERE "DomainOwner".id = %(pk_1)s
INFO:sqlalchemy.engine.Engine:[cached since 36.39s ago] {'pk_1': 26}
INFO:sqlalchemy.engine.Engine:ROLLBACK
INFO:werkzeug:127.0.0.1 - - [22/Feb/2026 13:10:03] "[32mGET /api/Auth/confirm/IktpcGtvZ2VpR2VvcmdlQGdtYWlsLmNvbSI.aZrV1w.iwfsqyaXPQM4Ek872zpu9Va5F4Y HTTP/1.1[0m" 302 -
INFO:werkzeug:127.0.0.1 - - [22/Feb/2026 13:11:34] "OPTIONS /api/domain HTTP/1.1" 200 -
INFO:sqlalchemy.engine.Engine:BEGIN (implicit)
INFO:sqlalchemy.engine.Engine:SELECT "DomainOwner".id AS "DomainOwner_id", "DomainOwner".user_type AS "DomainOwner_user_type", "DomainOwner".first_name AS "DomainOwner_first_name", "DomainOwner".last_name AS "DomainOwner_last_name", "DomainOwner".username AS "DomainOwner_username", "DomainOwner".is_verified AS "DomainOwner_is_verified", "DomainOwner".email AS "DomainOwner_email", "DomainOwner".domain_field AS "DomainOwner_domain_field", "DomainOwner".reference_number AS "DomainOwner_reference_number", "DomainOwner".password_hash AS "DomainOwner_password_hash" 
FROM "DomainOwner" 
WHERE "DomainOwner".id = %(pk_1)s
INFO:sqlalchemy.engine.Engine:[generated in 0.00051s] {'pk_1': '26'}
INFO:sqlalchemy.engine.Engine:SELECT domain.id AS domain_id, domain.owner_id AS domain_owner_id, domain.domain_name AS domain_domain_name, domain.is_active AS domain_is_active, domain.total_budget AS domain_total_budget, domain.amount_paid AS domain_amount_paid, domain.deposit_amount AS domain_deposit_amount, domain.payment_status AS domain_payment_status, domain.target_goal AS domain_target_goal, domain.is_automated AS domain_is_automated, domain.reference_number AS domain_reference_number, domain.requirements AS domain_requirements 
FROM domain 
WHERE domain.domain_name = %(domain_name_1)s 
 LIMIT %(param_1)s
INFO:sqlalchemy.engine.Engine:[generated in 0.00048s] {'domain_name_1': 'two_acre fund', 'param_1': 1}
INFO:sqlalchemy.engine.Engine:INSERT INTO domain (owner_id, domain_name, is_active, total_budget, amount_paid, deposit_amount, payment_status, target_goal, is_automated, reference_number, requirements) VALUES (%(owner_id)s, %(domain_name)s, %(is_active)s, %(total_budget)s, %(amount_paid)s, %(deposit_amount)s, %(payment_status)s, %(target_goal)s, %(is_automated)s, %(reference_number)s, %(requirements)s) RETURNING domain.id
INFO:sqlalchemy.engine.Engine:[generated in 0.00041s] {'owner_id': '26', 'domain_name': 'two_acre fund', 'is_active': False, 'total_budget': 30000, 'amount_paid': 0.0, 'deposit_amount': 9000.0, 'payment_status': 'Unpaid', 'target_goal': 1500, 'is_automated': False, 'reference_number': 'TWO_--JKCVLO', 'requirements': 'The dataset should be from Nakuru Town'}
INFO:sqlalchemy.engine.Engine:UPDATE "DomainOwner" SET reference_number=%(reference_number)s WHERE "DomainOwner".id = %(DomainOwner_id)s
INFO:sqlalchemy.engine.Engine:[generated in 0.00149s] {'reference_number': 'TWO_--JKCVLO', 'DomainOwner_id': 26}
INFO:sqlalchemy.engine.Engine:INSERT INTO domain_features (name, domain_id) SELECT p0::VARCHAR, p1::INTEGER FROM (VALUES (%(name__0)s, %(domain_id__0)s, 0), (%(name__1)s, %(domain_id__1)s, 1), (%(name__2)s, %(domain_id__2)s, 2), (%(name__3)s, %(domain_id__3)s, 3), (%(name__4)s, %(domain_id__4)s, 4)) AS imp_sen(p0, p1, sen_counter) ORDER BY sen_counter RETURNING domain_features.id, domain_features.id AS id__1
INFO:sqlalchemy.engine.Engine:[generated in 0.00009s (insertmanyvalues) 1/1 (ordered)] {'name__0': 'age', 'domain_id__0': 12, 'name__1': 'gender', 'domain_id__1': 12, 'name__2': 'size of  land', 'domain_id__2': 12, 'name__3': 'variety', 'domain_id__3': 12, 'name__4': 'crops', 'domain_id__4': 12}
INFO:sqlalchemy.engine.Engine:COMMIT
INFO:sqlalchemy.engine.Engine:BEGIN (implicit)
INFO:sqlalchemy.engine.Engine:SELECT domain.id AS domain_id, domain.owner_id AS domain_owner_id, domain.domain_name AS domain_domain_name, domain.is_active AS domain_is_active, domain.total_budget AS domain_total_budget, domain.amount_paid AS domain_amount_paid, domain.deposit_amount AS domain_deposit_amount, domain.payment_status AS domain_payment_status, domain.target_goal AS domain_target_goal, domain.is_automated AS domain_is_automated, domain.reference_number AS domain_reference_number, domain.requirements AS domain_requirements 
FROM domain 
WHERE domain.id = %(pk_1)s
INFO:sqlalchemy.engine.Engine:[generated in 0.00021s] {'pk_1': 12}
INFO:sqlalchemy.engine.Engine:ROLLBACK
INFO:werkzeug:127.0.0.1 - - [22/Feb/2026 13:11:34] "[35m[1mPOST /api/domain HTTP/1.1[0m" 201 -
INFO:werkzeug:127.0.0.1 - - [22/Feb/2026 13:12:34] "OPTIONS /api/main/pay/initiate HTTP/1.1" 200 -
INFO:sqlalchemy.engine.Engine:BEGIN (implicit)
INFO:sqlalchemy.engine.Engine:SELECT domain.id AS domain_id, domain.owner_id AS domain_owner_id, domain.domain_name AS domain_domain_name, domain.is_active AS domain_is_active, domain.total_budget AS domain_total_budget, domain.amount_paid AS domain_amount_paid, domain.deposit_amount AS domain_deposit_amount, domain.payment_status AS domain_payment_status, domain.target_goal AS domain_target_goal, domain.is_automated AS domain_is_automated, domain.reference_number AS domain_reference_number, domain.requirements AS domain_requirements 
FROM domain 
WHERE domain.id = %(pk_1)s
INFO:sqlalchemy.engine.Engine:[generated in 0.00044s] {'pk_1': 12}
INFO:sqlalchemy.engine.Engine:SELECT payment.id AS payment_id, payment.domain_id AS payment_domain_id, payment.provider_id AS payment_provider_id, payment.transaction_ref AS payment_transaction_ref, payment.checkout_request_id AS payment_checkout_request_id, payment.amount AS payment_amount, payment.currency AS payment_currency, payment.payment_type AS payment_payment_type, payment.phone_number AS payment_phone_number, payment.status AS payment_status, payment.created_at AS payment_created_at, payment.processed_at AS payment_processed_at, payment.attempts AS payment_attempts 
FROM payment 
WHERE payment.transaction_ref = %(transaction_ref_1)s 
 LIMIT %(param_1)s
INFO:sqlalchemy.engine.Engine:[generated in 0.00034s] {'transaction_ref_1': 'SEMA12-1771755154', 'param_1': 1}
INFO:sqlalchemy.engine.Engine:INSERT INTO payment (domain_id, provider_id, transaction_ref, checkout_request_id, amount, currency, payment_type, phone_number, status, created_at, processed_at, attempts) VALUES (%(domain_id)s, %(provider_id)s, %(transaction_ref)s, %(checkout_request_id)s, %(amount)s, %(currency)s, %(payment_type)s, %(phone_number)s, %(status)s, %(created_at)s, %(processed_at)s, %(attempts)s) RETURNING payment.id
INFO:sqlalchemy.engine.Engine:[generated in 0.00030s] {'domain_id': 12, 'provider_id': None, 'transaction_ref': 'SEMA12-1771755154', 'checkout_request_id': None, 'amount': 9000.0, 'currency': 'USD', 'payment_type': None, 'phone_number': '254113165657', 'status': 'Pending', 'created_at': datetime.datetime(2026, 2, 22, 10, 12, 34, 948418), 'processed_at': None, 'attempts': 0}
INFO:sqlalchemy.engine.Engine:COMMIT
ERROR:root:Failed to fetch Mpesa Token: 400 Client Error: Bad Request for url: https://sandbox.safaricom.co.ke/oauth/v1/generate?grant_type=client_credentials
ERROR:semaData:Failed to create payment for domain 12
Traceback (most recent call last):
  File "/home/grace/Desktop/projects/semaData/Backend/routes/main/payment.py", line 75, in initiate_payment
    if stk_response.get('ResponseCode') == '0':
       ^^^^^^^^^^^^^^^^
AttributeError: 'tuple' object has no attribute 'get'
INFO:werkzeug:127.0.0.1 - - [22/Feb/2026 13:12:36] "[35m[1mPOST /api/main/pay/initiate HTTP/1.1[0m" 500 -
INFO:sqlalchemy.engine.Engine:BEGIN (implicit)
INFO:sqlalchemy.engine.Engine:SELECT "Users".id AS "Users_id", "Users".user_type AS "Users_user_type", "Users".first_name AS "Users_first_name", "Users".second_name AS "Users_second_name", "Users".email AS "Users_email", "Users".is_verified AS "Users_is_verified", "Users".domain_name AS "Users_domain_name", "Users".role AS "Users_role", "Users".reference_number AS "Users_reference_number", "Users".password_hash AS "Users_password_hash" 
FROM "Users" 
WHERE "Users".id = %(pk_1)s
INFO:sqlalchemy.engine.Engine:[cached since 266.3s ago] {'pk_1': 4}
INFO:sqlalchemy.engine.Engine:SELECT domain.id AS domain_id, domain.owner_id AS domain_owner_id, domain.domain_name AS domain_domain_name, domain.is_active AS domain_is_active, domain.total_budget AS domain_total_budget, domain.amount_paid AS domain_amount_paid, domain.deposit_amount AS domain_deposit_amount, domain.payment_status AS domain_payment_status, domain.target_goal AS domain_target_goal, domain.is_automated AS domain_is_automated, domain.reference_number AS domain_reference_number, domain.requirements AS domain_requirements 
FROM domain 
WHERE domain.reference_number = %(reference_number_1)s 
 LIMIT %(param_1)s
INFO:sqlalchemy.engine.Engine:[cached since 266.3s ago] {'reference_number_1': 'SMAR--Z72ITC', 'param_1': 1}
INFO:sqlalchemy.engine.Engine:SELECT count(*) AS count_1 
FROM (SELECT datasets.id AS datasets_id, datasets.name AS datasets_name, datasets.owner_id AS datasets_owner_id, datasets.domain_id AS datasets_domain_id, datasets.collector_id AS datasets_collector_id, datasets.ref_number AS datasets_ref_number, datasets.description AS datasets_description, datasets.combined_text AS datasets_combined_text, datasets.segmented_text AS datasets_segmented_text, datasets.status AS datasets_status, datasets.record_count AS datasets_record_count, datasets."Ai_confidence" AS "datasets_Ai_confidence", datasets.audio_file_path AS datasets_audio_file_path, datasets.created_at AS datasets_created_at, datasets.updated_at AS datasets_updated_at 
FROM datasets 
WHERE datasets.domain_id = %(domain_id_1)s) AS anon_1
INFO:sqlalchemy.engine.Engine:[cached since 266.3s ago] {'domain_id_1': 11}
INFO:sqlalchemy.engine.Engine:SELECT count(*) AS count_1 
FROM (SELECT DISTINCT ON (datasets.collector_id) datasets.id AS datasets_id, datasets.name AS datasets_name, datasets.owner_id AS datasets_owner_id, datasets.domain_id AS datasets_domain_id, datasets.collector_id AS datasets_collector_id, datasets.ref_number AS datasets_ref_number, datasets.description AS datasets_description, datasets.combined_text AS datasets_combined_text, datasets.segmented_text AS datasets_segmented_text, datasets.status AS datasets_status, datasets.record_count AS datasets_record_count, datasets."Ai_confidence" AS "datasets_Ai_confidence", datasets.audio_file_path AS datasets_audio_file_path, datasets.created_at AS datasets_created_at, datasets.updated_at AS datasets_updated_at 
FROM datasets 
WHERE datasets.domain_id = %(domain_id_1)s) AS anon_1
INFO:sqlalchemy.engine.Engine:[cached since 266.3s ago] {'domain_id_1': 11}
INFO:sqlalchemy.engine.Engine:SELECT count(*) AS count_1 
FROM (SELECT datasets.id AS datasets_id, datasets.name AS datasets_name, datasets.owner_id AS datasets_owner_id, datasets.domain_id AS datasets_domain_id, datasets.collector_id AS datasets_collector_id, datasets.ref_number AS datasets_ref_number, datasets.description AS datasets_description, datasets.combined_text AS datasets_combined_text, datasets.segmented_text AS datasets_segmented_text, datasets.status AS datasets_status, datasets.record_count AS datasets_record_count, datasets."Ai_confidence" AS "datasets_Ai_confidence", datasets.audio_file_path AS datasets_audio_file_path, datasets.created_at AS datasets_created_at, datasets.updated_at AS datasets_updated_at 
FROM datasets 
WHERE datasets.domain_id = %(domain_id_1)s AND datasets.collector_id = %(collector_id_1)s) AS anon_1
INFO:sqlalchemy.engine.Engine:[cached since 266.3s ago] {'domain_id_1': 11, 'collector_id_1': 4}
INFO:sqlalchemy.engine.Engine:SELECT count(*) AS count_1 
FROM (SELECT datasets.id AS datasets_id, datasets.name AS datasets_name, datasets.owner_id AS datasets_owner_id, datasets.domain_id AS datasets_domain_id, datasets.collector_id AS datasets_collector_id, datasets.ref_number AS datasets_ref_number, datasets.description AS datasets_description, datasets.combined_text AS datasets_combined_text, datasets.segmented_text AS datasets_segmented_text, datasets.status AS datasets_status, datasets.record_count AS datasets_record_count, datasets."Ai_confidence" AS "datasets_Ai_confidence", datasets.audio_file_path AS datasets_audio_file_path, datasets.created_at AS datasets_created_at, datasets.updated_at AS datasets_updated_at 
FROM datasets 
WHERE datasets.domain_id = %(domain_id_1)s AND datasets.collector_id = %(collector_id_1)s AND datasets.status IN (%(status_1_1)s, %(status_1_2)s)) AS anon_1
INFO:sqlalchemy.engine.Engine:[cached since 266.3s ago] {'domain_id_1': 11, 'collector_id_1': 4, 'status_1_1': 'AI_Passed', 'status_1_2': 'Verified'}
INFO:sqlalchemy.engine.Engine:ROLLBACK
INFO:werkzeug:127.0.0.1 - - [22/Feb/2026 13:13:22] "GET /api/main/collector-stats/4 HTTP/1.1" 200 -
INFO:sqlalchemy.engine.Engine:BEGIN (implicit)
INFO:sqlalchemy.engine.Engine:SELECT "Users".id AS "Users_id", "Users".user_type AS "Users_user_type", "Users".first_name AS "Users_first_name", "Users".second_name AS "Users_second_name", "Users".email AS "Users_email", "Users".is_verified AS "Users_is_verified", "Users".domain_name AS "Users_domain_name", "Users".role AS "Users_role", "Users".reference_number AS "Users_reference_number", "Users".password_hash AS "Users_password_hash" 
FROM "Users" 
WHERE "Users".id = %(pk_1)s
INFO:sqlalchemy.engine.Engine:[cached since 266.4s ago] {'pk_1': 4}
INFO:sqlalchemy.engine.Engine:SELECT domain.id AS domain_id, domain.owner_id AS domain_owner_id, domain.domain_name AS domain_domain_name, domain.is_active AS domain_is_active, domain.total_budget AS domain_total_budget, domain.amount_paid AS domain_amount_paid, domain.deposit_amount AS domain_deposit_amount, domain.payment_status AS domain_payment_status, domain.target_goal AS domain_target_goal, domain.is_automated AS domain_is_automated, domain.reference_number AS domain_reference_number, domain.requirements AS domain_requirements 
FROM domain 
WHERE domain.reference_number = %(reference_number_1)s 
 LIMIT %(param_1)s
INFO:sqlalchemy.engine.Engine:[cached since 266.4s ago] {'reference_number_1': 'SMAR--Z72ITC', 'param_1': 1}
INFO:sqlalchemy.engine.Engine:SELECT count(*) AS count_1 
FROM (SELECT datasets.id AS datasets_id, datasets.name AS datasets_name, datasets.owner_id AS datasets_owner_id, datasets.domain_id AS datasets_domain_id, datasets.collector_id AS datasets_collector_id, datasets.ref_number AS datasets_ref_number, datasets.description AS datasets_description, datasets.combined_text AS datasets_combined_text, datasets.segmented_text AS datasets_segmented_text, datasets.status AS datasets_status, datasets.record_count AS datasets_record_count, datasets."Ai_confidence" AS "datasets_Ai_confidence", datasets.audio_file_path AS datasets_audio_file_path, datasets.created_at AS datasets_created_at, datasets.updated_at AS datasets_updated_at 
FROM datasets 
WHERE datasets.domain_id = %(domain_id_1)s) AS anon_1
INFO:sqlalchemy.engine.Engine:[cached since 266.3s ago] {'domain_id_1': 11}
INFO:sqlalchemy.engine.Engine:SELECT count(*) AS count_1 
FROM (SELECT DISTINCT ON (datasets.collector_id) datasets.id AS datasets_id, datasets.name AS datasets_name, datasets.owner_id AS datasets_owner_id, datasets.domain_id AS datasets_domain_id, datasets.collector_id AS datasets_collector_id, datasets.ref_number AS datasets_ref_number, datasets.description AS datasets_description, datasets.combined_text AS datasets_combined_text, datasets.segmented_text AS datasets_segmented_text, datasets.status AS datasets_status, datasets.record_count AS datasets_record_count, datasets."Ai_confidence" AS "datasets_Ai_confidence", datasets.audio_file_path AS datasets_audio_file_path, datasets.created_at AS datasets_created_at, datasets.updated_at AS datasets_updated_at 
FROM datasets 
WHERE datasets.domain_id = %(domain_id_1)s) AS anon_1
INFO:sqlalchemy.engine.Engine:[cached since 266.3s ago] {'domain_id_1': 11}
INFO:sqlalchemy.engine.Engine:SELECT count(*) AS count_1 
FROM (SELECT datasets.id AS datasets_id, datasets.name AS datasets_name, datasets.owner_id AS datasets_owner_id, datasets.domain_id AS datasets_domain_id, datasets.collector_id AS datasets_collector_id, datasets.ref_number AS datasets_ref_number, datasets.description AS datasets_description, datasets.combined_text AS datasets_combined_text, datasets.segmented_text AS datasets_segmented_text, datasets.status AS datasets_status, datasets.record_count AS datasets_record_count, datasets."Ai_confidence" AS "datasets_Ai_confidence", datasets.audio_file_path AS datasets_audio_file_path, datasets.created_at AS datasets_created_at, datasets.updated_at AS datasets_updated_at 
FROM datasets 
WHERE datasets.domain_id = %(domain_id_1)s AND datasets.collector_id = %(collector_id_1)s) AS anon_1
INFO:sqlalchemy.engine.Engine:[cached since 266.3s ago] {'domain_id_1': 11, 'collector_id_1': 4}
INFO:sqlalchemy.engine.Engine:SELECT count(*) AS count_1 
FROM (SELECT datasets.id AS datasets_id, datasets.name AS datasets_name, datasets.owner_id AS datasets_owner_id, datasets.domain_id AS datasets_domain_id, datasets.collector_id AS datasets_collector_id, datasets.ref_number AS datasets_ref_number, datasets.description AS datasets_description, datasets.combined_text AS datasets_combined_text, datasets.segmented_text AS datasets_segmented_text, datasets.status AS datasets_status, datasets.record_count AS datasets_record_count, datasets."Ai_confidence" AS "datasets_Ai_confidence", datasets.audio_file_path AS datasets_audio_file_path, datasets.created_at AS datasets_created_at, datasets.updated_at AS datasets_updated_at 
FROM datasets 
WHERE datasets.domain_id = %(domain_id_1)s AND datasets.collector_id = %(collector_id_1)s AND datasets.status IN (%(status_1_1)s, %(status_1_2)s)) AS anon_1
INFO:sqlalchemy.engine.Engine:[cached since 266.3s ago] {'domain_id_1': 11, 'collector_id_1': 4, 'status_1_1': 'AI_Passed', 'status_1_2': 'Verified'}
INFO:sqlalchemy.engine.Engine:ROLLBACK
INFO:werkzeug:127.0.0.1 - - [22/Feb/2026 13:13:22] "GET /api/main/collector-stats/4 HTTP/1.1" 200 -
INFO:werkzeug:127.0.0.1 - - [22/Feb/2026 13:14:35] "OPTIONS /api/Auth/signup HTTP/1.1" 200 -
INFO:sqlalchemy.engine.Engine:BEGIN (implicit)
INFO:sqlalchemy.engine.Engine:SELECT "Users".id AS "Users_id", "Users".user_type AS "Users_user_type", "Users".first_name AS "Users_first_name", "Users".second_name AS "Users_second_name", "Users".email AS "Users_email", "Users".is_verified AS "Users_is_verified", "Users".domain_name AS "Users_domain_name", "Users".role AS "Users_role", "Users".reference_number AS "Users_reference_number", "Users".password_hash AS "Users_password_hash" 
FROM "Users" 
WHERE "Users".email = %(email_1)s 
 LIMIT %(param_1)s
INFO:sqlalchemy.engine.Engine:[cached since 308.6s ago] {'email_1': 'KomenAntony@gmail.com', 'param_1': 1}
INFO:sqlalchemy.engine.Engine:SELECT "DomainOwner".id AS "DomainOwner_id", "DomainOwner".user_type AS "DomainOwner_user_type", "DomainOwner".first_name AS "DomainOwner_first_name", "DomainOwner".last_name AS "DomainOwner_last_name", "DomainOwner".username AS "DomainOwner_username", "DomainOwner".is_verified AS "DomainOwner_is_verified", "DomainOwner".email AS "DomainOwner_email", "DomainOwner".domain_field AS "DomainOwner_domain_field", "DomainOwner".reference_number AS "DomainOwner_reference_number", "DomainOwner".password_hash AS "DomainOwner_password_hash" 
FROM "DomainOwner" 
WHERE "DomainOwner".email = %(email_1)s 
 LIMIT %(param_1)s
INFO:sqlalchemy.engine.Engine:[cached since 308.6s ago] {'email_1': 'KomenAntony@gmail.com', 'param_1': 1}
INFO:sqlalchemy.engine.Engine:SELECT domain.id AS domain_id, domain.owner_id AS domain_owner_id, domain.domain_name AS domain_domain_name, domain.is_active AS domain_is_active, domain.total_budget AS domain_total_budget, domain.amount_paid AS domain_amount_paid, domain.deposit_amount AS domain_deposit_amount, domain.payment_status AS domain_payment_status, domain.target_goal AS domain_target_goal, domain.is_automated AS domain_is_automated, domain.reference_number AS domain_reference_number, domain.requirements AS domain_requirements 
FROM domain 
WHERE domain.reference_number = %(reference_number_1)s 
 LIMIT %(param_1)s
INFO:sqlalchemy.engine.Engine:[cached since 339.9s ago] {'reference_number_1': 'TWO_--JKCVLO', 'param_1': 1}
INFO:sqlalchemy.engine.Engine:INSERT INTO "Users" (user_type, first_name, second_name, email, is_verified, domain_name, role, reference_number, password_hash) VALUES (%(user_type)s, %(first_name)s, %(second_name)s, %(email)s, %(is_verified)s, %(domain_name)s, %(role)s, %(reference_number)s, %(password_hash)s) RETURNING "Users".id
INFO:sqlalchemy.engine.Engine:[generated in 0.00025s] {'user_type': 'User', 'first_name': 'Komen', 'second_name': 'Antony', 'email': 'KomenAntony@gmail.com', 'is_verified': False, 'domain_name': None, 'role': 'user', 'reference_number': 'TWO_--JKCVLO', 'password_hash': 'scrypt:32768:8:1$5c69sL45VjV3S7rj$f1a345bafa29c98f42fd5a8853da37008bea4049e3ba694ffaeed17e424ac276bf5d4cd23b41532f6aaacbadfb8065d70640773f45dfe64a2fb3b51dfaf40c4e'}
INFO:sqlalchemy.engine.Engine:COMMIT
INFO:sqlalchemy.engine.Engine:BEGIN (implicit)
INFO:sqlalchemy.engine.Engine:SELECT "Users".id AS "Users_id", "Users".user_type AS "Users_user_type", "Users".first_name AS "Users_first_name", "Users".second_name AS "Users_second_name", "Users".email AS "Users_email", "Users".is_verified AS "Users_is_verified", "Users".domain_name AS "Users_domain_name", "Users".role AS "Users_role", "Users".reference_number AS "Users_reference_number", "Users".password_hash AS "Users_password_hash" 
FROM "Users" 
WHERE "Users".id = %(pk_1)s
INFO:sqlalchemy.engine.Engine:[generated in 0.00023s] {'pk_1': 5}
INFO:sqlalchemy.engine.Engine:ROLLBACK
INFO:werkzeug:127.0.0.1 - - [22/Feb/2026 13:14:36] "[35m[1mPOST /api/Auth/signup HTTP/1.1[0m" 201 -
INFO:sqlalchemy.engine.Engine:BEGIN (implicit)
INFO:sqlalchemy.engine.Engine:SELECT "DomainOwner".id AS "DomainOwner_id", "DomainOwner".user_type AS "DomainOwner_user_type", "DomainOwner".first_name AS "DomainOwner_first_name", "DomainOwner".last_name AS "DomainOwner_last_name", "DomainOwner".username AS "DomainOwner_username", "DomainOwner".is_verified AS "DomainOwner_is_verified", "DomainOwner".email AS "DomainOwner_email", "DomainOwner".domain_field AS "DomainOwner_domain_field", "DomainOwner".reference_number AS "DomainOwner_reference_number", "DomainOwner".password_hash AS "DomainOwner_password_hash" 
FROM "DomainOwner" 
WHERE "DomainOwner".email = %(email_1)s 
 LIMIT %(param_1)s
INFO:sqlalchemy.engine.Engine:[cached since 344s ago] {'email_1': 'KomenAntony@gmail.com', 'param_1': 1}
INFO:sqlalchemy.engine.Engine:SELECT "Users".id AS "Users_id", "Users".user_type AS "Users_user_type", "Users".first_name AS "Users_first_name", "Users".second_name AS "Users_second_name", "Users".email AS "Users_email", "Users".is_verified AS "Users_is_verified", "Users".domain_name AS "Users_domain_name", "Users".role AS "Users_role", "Users".reference_number AS "Users_reference_number", "Users".password_hash AS "Users_password_hash" 
FROM "Users" 
WHERE "Users".email = %(email_1)s 
 LIMIT %(param_1)s
INFO:sqlalchemy.engine.Engine:[cached since 344s ago] {'email_1': 'KomenAntony@gmail.com', 'param_1': 1}
INFO:sqlalchemy.engine.Engine:UPDATE "Users" SET is_verified=%(is_verified)s WHERE "Users".id = %(Users_id)s
INFO:sqlalchemy.engine.Engine:[generated in 0.00077s] {'is_verified': True, 'Users_id': 5}
INFO:sqlalchemy.engine.Engine:COMMIT
INFO:sqlalchemy.engine.Engine:BEGIN (implicit)
INFO:sqlalchemy.engine.Engine:SELECT "Users".id AS "Users_id", "Users".user_type AS "Users_user_type", "Users".first_name AS "Users_first_name", "Users".second_name AS "Users_second_name", "Users".email AS "Users_email", "Users".is_verified AS "Users_is_verified", "Users".domain_name AS "Users_domain_name", "Users".role AS "Users_role", "Users".reference_number AS "Users_reference_number", "Users".password_hash AS "Users_password_hash" 
FROM "Users" 
WHERE "Users".id = %(pk_1)s
INFO:sqlalchemy.engine.Engine:[cached since 35.2s ago] {'pk_1': 5}
INFO:sqlalchemy.engine.Engine:SELECT domain.id AS domain_id, domain.owner_id AS domain_owner_id, domain.domain_name AS domain_domain_name, domain.is_active AS domain_is_active, domain.total_budget AS domain_total_budget, domain.amount_paid AS domain_amount_paid, domain.deposit_amount AS domain_deposit_amount, domain.payment_status AS domain_payment_status, domain.target_goal AS domain_target_goal, domain.is_automated AS domain_is_automated, domain.reference_number AS domain_reference_number, domain.requirements AS domain_requirements 
FROM domain 
WHERE domain.reference_number = %(reference_number_1)s 
 LIMIT %(param_1)s
INFO:sqlalchemy.engine.Engine:[cached since 375.3s ago] {'reference_number_1': 'TWO_--JKCVLO', 'param_1': 1}
INFO:sqlalchemy.engine.Engine:ROLLBACK
INFO:werkzeug:127.0.0.1 - - [22/Feb/2026 13:15:11] "[32mGET /api/Auth/confirm/IktvbWVuQW50b255QGdtYWlsLmNvbSI.aZrXDA.pcTO5tcltYd_hmUJEjmkmpfxfvc HTTP/1.1[0m" 302 -
INFO:sqlalchemy.engine.Engine:BEGIN (implicit)
INFO:sqlalchemy.engine.Engine:SELECT "Users".id AS "Users_id", "Users".user_type AS "Users_user_type", "Users".first_name AS "Users_first_name", "Users".second_name AS "Users_second_name", "Users".email AS "Users_email", "Users".is_verified AS "Users_is_verified", "Users".domain_name AS "Users_domain_name", "Users".role AS "Users_role", "Users".reference_number AS "Users_reference_number", "Users".password_hash AS "Users_password_hash" 
FROM "Users" 
WHERE "Users".id = %(pk_1)s
INFO:sqlalchemy.engine.Engine:[cached since 375.9s ago] {'pk_1': 4}
INFO:sqlalchemy.engine.Engine:SELECT domain.id AS domain_id, domain.owner_id AS domain_owner_id, domain.domain_name AS domain_domain_name, domain.is_active AS domain_is_active, domain.total_budget AS domain_total_budget, domain.amount_paid AS domain_amount_paid, domain.deposit_amount AS domain_deposit_amount, domain.payment_status AS domain_payment_status, domain.target_goal AS domain_target_goal, domain.is_automated AS domain_is_automated, domain.reference_number AS domain_reference_number, domain.requirements AS domain_requirements 
FROM domain 
WHERE domain.reference_number = %(reference_number_1)s 
 LIMIT %(param_1)s
INFO:sqlalchemy.engine.Engine:[cached since 375.9s ago] {'reference_number_1': 'SMAR--Z72ITC', 'param_1': 1}
INFO:sqlalchemy.engine.Engine:SELECT count(*) AS count_1 
FROM (SELECT datasets.id AS datasets_id, datasets.name AS datasets_name, datasets.owner_id AS datasets_owner_id, datasets.domain_id AS datasets_domain_id, datasets.collector_id AS datasets_collector_id, datasets.ref_number AS datasets_ref_number, datasets.description AS datasets_description, datasets.combined_text AS datasets_combined_text, datasets.segmented_text AS datasets_segmented_text, datasets.status AS datasets_status, datasets.record_count AS datasets_record_count, datasets."Ai_confidence" AS "datasets_Ai_confidence", datasets.audio_file_path AS datasets_audio_file_path, datasets.created_at AS datasets_created_at, datasets.updated_at AS datasets_updated_at 
FROM datasets 
WHERE datasets.domain_id = %(domain_id_1)s) AS anon_1
INFO:sqlalchemy.engine.Engine:[cached since 375.9s ago] {'domain_id_1': 11}
INFO:sqlalchemy.engine.Engine:SELECT count(*) AS count_1 
FROM (SELECT DISTINCT ON (datasets.collector_id) datasets.id AS datasets_id, datasets.name AS datasets_name, datasets.owner_id AS datasets_owner_id, datasets.domain_id AS datasets_domain_id, datasets.collector_id AS datasets_collector_id, datasets.ref_number AS datasets_ref_number, datasets.description AS datasets_description, datasets.combined_text AS datasets_combined_text, datasets.segmented_text AS datasets_segmented_text, datasets.status AS datasets_status, datasets.record_count AS datasets_record_count, datasets."Ai_confidence" AS "datasets_Ai_confidence", datasets.audio_file_path AS datasets_audio_file_path, datasets.created_at AS datasets_created_at, datasets.updated_at AS datasets_updated_at 
FROM datasets 
WHERE datasets.domain_id = %(domain_id_1)s) AS anon_1
INFO:sqlalchemy.engine.Engine:[cached since 375.9s ago] {'domain_id_1': 11}
INFO:sqlalchemy.engine.Engine:SELECT count(*) AS count_1 
FROM (SELECT datasets.id AS datasets_id, datasets.name AS datasets_name, datasets.owner_id AS datasets_owner_id, datasets.domain_id AS datasets_domain_id, datasets.collector_id AS datasets_collector_id, datasets.ref_number AS datasets_ref_number, datasets.description AS datasets_description, datasets.combined_text AS datasets_combined_text, datasets.segmented_text AS datasets_segmented_text, datasets.status AS datasets_status, datasets.record_count AS datasets_record_count, datasets."Ai_confidence" AS "datasets_Ai_confidence", datasets.audio_file_path AS datasets_audio_file_path, datasets.created_at AS datasets_created_at, datasets.updated_at AS datasets_updated_at 
FROM datasets 
WHERE datasets.domain_id = %(domain_id_1)s AND datasets.collector_id = %(collector_id_1)s) AS anon_1
INFO:sqlalchemy.engine.Engine:[cached since 375.9s ago] {'domain_id_1': 11, 'collector_id_1': 4}
INFO:sqlalchemy.engine.Engine:SELECT count(*) AS count_1 
FROM (SELECT datasets.id AS datasets_id, datasets.name AS datasets_name, datasets.owner_id AS datasets_owner_id, datasets.domain_id AS datasets_domain_id, datasets.collector_id AS datasets_collector_id, datasets.ref_number AS datasets_ref_number, datasets.description AS datasets_description, datasets.combined_text AS datasets_combined_text, datasets.segmented_text AS datasets_segmented_text, datasets.status AS datasets_status, datasets.record_count AS datasets_record_count, datasets."Ai_confidence" AS "datasets_Ai_confidence", datasets.audio_file_path AS datasets_audio_file_path, datasets.created_at AS datasets_created_at, datasets.updated_at AS datasets_updated_at 
FROM datasets 
WHERE datasets.domain_id = %(domain_id_1)s AND datasets.collector_id = %(collector_id_1)s AND datasets.status IN (%(status_1_1)s, %(status_1_2)s)) AS anon_1
INFO:sqlalchemy.engine.Engine:[cached since 375.9s ago] {'domain_id_1': 11, 'collector_id_1': 4, 'status_1_1': 'AI_Passed', 'status_1_2': 'Verified'}
INFO:sqlalchemy.engine.Engine:ROLLBACK
INFO:werkzeug:127.0.0.1 - - [22/Feb/2026 13:15:12] "GET /api/main/collector-stats/4 HTTP/1.1" 200 -
INFO:sqlalchemy.engine.Engine:BEGIN (implicit)
INFO:sqlalchemy.engine.Engine:SELECT "Users".id AS "Users_id", "Users".user_type AS "Users_user_type", "Users".first_name AS "Users_first_name", "Users".second_name AS "Users_second_name", "Users".email AS "Users_email", "Users".is_verified AS "Users_is_verified", "Users".domain_name AS "Users_domain_name", "Users".role AS "Users_role", "Users".reference_number AS "Users_reference_number", "Users".password_hash AS "Users_password_hash" 
FROM "Users" 
WHERE "Users".id = %(pk_1)s
INFO:sqlalchemy.engine.Engine:[cached since 376s ago] {'pk_1': 4}
INFO:sqlalchemy.engine.Engine:SELECT domain.id AS domain_id, domain.owner_id AS domain_owner_id, domain.domain_name AS domain_domain_name, domain.is_active AS domain_is_active, domain.total_budget AS domain_total_budget, domain.amount_paid AS domain_amount_paid, domain.deposit_amount AS domain_deposit_amount, domain.payment_status AS domain_payment_status, domain.target_goal AS domain_target_goal, domain.is_automated AS domain_is_automated, domain.reference_number AS domain_reference_number, domain.requirements AS domain_requirements 
FROM domain 
WHERE domain.reference_number = %(reference_number_1)s 
 LIMIT %(param_1)s
INFO:sqlalchemy.engine.Engine:[cached since 376s ago] {'reference_number_1': 'SMAR--Z72ITC', 'param_1': 1}
INFO:sqlalchemy.engine.Engine:SELECT count(*) AS count_1 
FROM (SELECT datasets.id AS datasets_id, datasets.name AS datasets_name, datasets.owner_id AS datasets_owner_id, datasets.domain_id AS datasets_domain_id, datasets.collector_id AS datasets_collector_id, datasets.ref_number AS datasets_ref_number, datasets.description AS datasets_description, datasets.combined_text AS datasets_combined_text, datasets.segmented_text AS datasets_segmented_text, datasets.status AS datasets_status, datasets.record_count AS datasets_record_count, datasets."Ai_confidence" AS "datasets_Ai_confidence", datasets.audio_file_path AS datasets_audio_file_path, datasets.created_at AS datasets_created_at, datasets.updated_at AS datasets_updated_at 
FROM datasets 
WHERE datasets.domain_id = %(domain_id_1)s) AS anon_1
INFO:sqlalchemy.engine.Engine:[cached since 375.9s ago] {'domain_id_1': 11}
INFO:sqlalchemy.engine.Engine:SELECT count(*) AS count_1 
FROM (SELECT DISTINCT ON (datasets.collector_id) datasets.id AS datasets_id, datasets.name AS datasets_name, datasets.owner_id AS datasets_owner_id, datasets.domain_id AS datasets_domain_id, datasets.collector_id AS datasets_collector_id, datasets.ref_number AS datasets_ref_number, datasets.description AS datasets_description, datasets.combined_text AS datasets_combined_text, datasets.segmented_text AS datasets_segmented_text, datasets.status AS datasets_status, datasets.record_count AS datasets_record_count, datasets."Ai_confidence" AS "datasets_Ai_confidence", datasets.audio_file_path AS datasets_audio_file_path, datasets.created_at AS datasets_created_at, datasets.updated_at AS datasets_updated_at 
FROM datasets 
WHERE datasets.domain_id = %(domain_id_1)s) AS anon_1
INFO:sqlalchemy.engine.Engine:[cached since 375.9s ago] {'domain_id_1': 11}
INFO:sqlalchemy.engine.Engine:SELECT count(*) AS count_1 
FROM (SELECT datasets.id AS datasets_id, datasets.name AS datasets_name, datasets.owner_id AS datasets_owner_id, datasets.domain_id AS datasets_domain_id, datasets.collector_id AS datasets_collector_id, datasets.ref_number AS datasets_ref_number, datasets.description AS datasets_description, datasets.combined_text AS datasets_combined_text, datasets.segmented_text AS datasets_segmented_text, datasets.status AS datasets_status, datasets.record_count AS datasets_record_count, datasets."Ai_confidence" AS "datasets_Ai_confidence", datasets.audio_file_path AS datasets_audio_file_path, datasets.created_at AS datasets_created_at, datasets.updated_at AS datasets_updated_at 
FROM datasets 
WHERE datasets.domain_id = %(domain_id_1)s AND datasets.collector_id = %(collector_id_1)s) AS anon_1
INFO:sqlalchemy.engine.Engine:[cached since 375.9s ago] {'domain_id_1': 11, 'collector_id_1': 4}
INFO:sqlalchemy.engine.Engine:SELECT count(*) AS count_1 
FROM (SELECT datasets.id AS datasets_id, datasets.name AS datasets_name, datasets.owner_id AS datasets_owner_id, datasets.domain_id AS datasets_domain_id, datasets.collector_id AS datasets_collector_id, datasets.ref_number AS datasets_ref_number, datasets.description AS datasets_description, datasets.combined_text AS datasets_combined_text, datasets.segmented_text AS datasets_segmented_text, datasets.status AS datasets_status, datasets.record_count AS datasets_record_count, datasets."Ai_confidence" AS "datasets_Ai_confidence", datasets.audio_file_path AS datasets_audio_file_path, datasets.created_at AS datasets_created_at, datasets.updated_at AS datasets_updated_at 
FROM datasets 
WHERE datasets.domain_id = %(domain_id_1)s AND datasets.collector_id = %(collector_id_1)s AND datasets.status IN (%(status_1_1)s, %(status_1_2)s)) AS anon_1
INFO:sqlalchemy.engine.Engine:[cached since 375.9s ago] {'domain_id_1': 11, 'collector_id_1': 4, 'status_1_1': 'AI_Passed', 'status_1_2': 'Verified'}
INFO:sqlalchemy.engine.Engine:ROLLBACK
INFO:werkzeug:127.0.0.1 - - [22/Feb/2026 13:15:12] "GET /api/main/collector-stats/4 HTTP/1.1" 200 -
INFO:sqlalchemy.engine.Engine:select pg_catalog.version()
INFO:sqlalchemy.engine.Engine:[raw sql] {}
INFO:sqlalchemy.engine.Engine:select current_schema()
INFO:sqlalchemy.engine.Engine:[raw sql] {}
INFO:sqlalchemy.engine.Engine:show standard_conforming_strings
INFO:sqlalchemy.engine.Engine:[raw sql] {}
INFO:sqlalchemy.engine.Engine:BEGIN (implicit)
INFO:sqlalchemy.engine.Engine:DELETE FROM job_applications
INFO:sqlalchemy.engine.Engine:[generated in 0.00021s] {}
INFO:sqlalchemy.engine.Engine:DELETE FROM datasets
INFO:sqlalchemy.engine.Engine:[generated in 0.00107s] {}
INFO:sqlalchemy.engine.Engine:DELETE FROM jobs
INFO:sqlalchemy.engine.Engine:[generated in 0.00052s] {}
INFO:sqlalchemy.engine.Engine:DELETE FROM domain
INFO:sqlalchemy.engine.Engine:[generated in 0.00050s] {}
INFO:sqlalchemy.engine.Engine:DELETE FROM "DomainOwner"
INFO:sqlalchemy.engine.Engine:[generated in 0.00025s] {}
INFO:sqlalchemy.engine.Engine:DELETE FROM "Users"
INFO:sqlalchemy.engine.Engine:[generated in 0.00017s] {}
INFO:sqlalchemy.engine.Engine:COMMIT
INFO:sqlalchemy.engine.Engine:select pg_catalog.version()
INFO:sqlalchemy.engine.Engine:[raw sql] {}
INFO:sqlalchemy.engine.Engine:select current_schema()
INFO:sqlalchemy.engine.Engine:[raw sql] {}
INFO:sqlalchemy.engine.Engine:show standard_conforming_strings
INFO:sqlalchemy.engine.Engine:[raw sql] {}
INFO:sqlalchemy.engine.Engine:BEGIN (implicit)
INFO:sqlalchemy.engine.Engine:DELETE FROM job_applications
INFO:sqlalchemy.engine.Engine:[generated in 0.00021s] {}
INFO:sqlalchemy.engine.Engine:DELETE FROM datasets
INFO:sqlalchemy.engine.Engine:[generated in 0.00019s] {}
INFO:sqlalchemy.engine.Engine:DELETE FROM "Users"
INFO:sqlalchemy.engine.Engine:[generated in 0.00021s] {}
INFO:sqlalchemy.engine.Engine:DELETE FROM jobs
INFO:sqlalchemy.engine.Engine:[generated in 0.00028s] {}
INFO:sqlalchemy.engine.Engine:DELETE FROM domain
INFO:sqlalchemy.engine.Engine:[generated in 0.00023s] {}
INFO:sqlalchemy.engine.Engine:ROLLBACK
INFO:sqlalchemy.engine.Engine:BEGIN (implicit)
INFO:sqlalchemy.engine.Engine:DELETE FROM job_applications
INFO:sqlalchemy.engine.Engine:[cached since 53.96s ago] {}
INFO:sqlalchemy.engine.Engine:DELETE FROM datasets
INFO:sqlalchemy.engine.Engine:[cached since 53.96s ago] {}
INFO:sqlalchemy.engine.Engine:DELETE FROM domain_features
INFO:sqlalchemy.engine.Engine:[generated in 0.00032s] {}
INFO:sqlalchemy.engine.Engine:DELETE FROM "Users"
INFO:sqlalchemy.engine.Engine:[cached since 53.96s ago] {}
INFO:sqlalchemy.engine.Engine:DELETE FROM jobs
INFO:sqlalchemy.engine.Engine:[cached since 53.96s ago] {}
INFO:sqlalchemy.engine.Engine:DELETE FROM domain
INFO:sqlalchemy.engine.Engine:[cached since 53.96s ago] {}
INFO:sqlalchemy.engine.Engine:ROLLBACK
INFO:sqlalchemy.engine.Engine:select pg_catalog.version()
INFO:sqlalchemy.engine.Engine:[raw sql] {}
INFO:sqlalchemy.engine.Engine:select current_schema()
INFO:sqlalchemy.engine.Engine:[raw sql] {}
INFO:sqlalchemy.engine.Engine:show standard_conforming_strings
INFO:sqlalchemy.engine.Engine:[raw sql] {}
INFO:sqlalchemy.engine.Engine:BEGIN (implicit)
INFO:sqlalchemy.engine.Engine:DELETE FROM job_applications
INFO:sqlalchemy.engine.Engine:[generated in 0.00018s] {}
INFO:sqlalchemy.engine.Engine:DELETE FROM datasets
INFO:sqlalchemy.engine.Engine:[generated in 0.00021s] {}
INFO:sqlalchemy.engine.Engine:DELETE FROM payment
INFO:sqlalchemy.engine.Engine:[generated in 0.00017s] {}
INFO:sqlalchemy.engine.Engine:DELETE FROM domain_features
INFO:sqlalchemy.engine.Engine:[generated in 0.00018s] {}
INFO:sqlalchemy.engine.Engine:DELETE FROM transcriptions
INFO:sqlalchemy.engine.Engine:[generated in 0.00022s] {}
INFO:sqlalchemy.engine.Engine:DELETE FROM contact_inquiries
INFO:sqlalchemy.engine.Engine:[generated in 0.00018s] {}
INFO:sqlalchemy.engine.Engine:DELETE FROM "Users"
INFO:sqlalchemy.engine.Engine:[generated in 0.00024s] {}
INFO:sqlalchemy.engine.Engine:DELETE FROM jobs
INFO:sqlalchemy.engine.Engine:[generated in 0.00020s] {}
INFO:sqlalchemy.engine.Engine:DELETE FROM domain
INFO:sqlalchemy.engine.Engine:[generated in 0.00018s] {}
INFO:sqlalchemy.engine.Engine:DELETE FROM "DomainOwner"
INFO:sqlalchemy.engine.Engine:[generated in 0.00019s] {}
INFO:sqlalchemy.engine.Engine:COMMIT
INFO:werkzeug:[31m[1mWARNING: This is a development server. Do not use it in a production deployment. Use a production WSGI server instead.[0m
 * Running on all addresses (0.0.0.0)
 * Running on http://127.0.0.1:8000
 * Running on http://192.168.147.102:8000
INFO:werkzeug:[33mPress CTRL+C to quit[0m
INFO:werkzeug: * Restarting with stat
WARNING:werkzeug: * Debugger is active!
INFO:werkzeug: * Debugger PIN: 145-870-996
INFO:werkzeug:127.0.0.1 - - [23/Feb/2026 16:54:50] "[33mGET /api/careers/careers HTTP/1.1[0m" 404 -
INFO:werkzeug:127.0.0.1 - - [23/Feb/2026 16:54:50] "[33mGET /api/careers/fields HTTP/1.1[0m" 404 -
INFO:werkzeug:127.0.0.1 - - [23/Feb/2026 16:54:50] "[33mGET /api/careers/fields HTTP/1.1[0m" 404 -
INFO:werkzeug:127.0.0.1 - - [23/Feb/2026 16:54:50] "[33mGET /api/careers/careers HTTP/1.1[0m" 404 -
INFO:werkzeug:127.0.0.1 - - [23/Feb/2026 16:55:38] "[33mGET /api/careers/fields HTTP/1.1[0m" 404 -
INFO:werkzeug:127.0.0.1 - - [23/Feb/2026 16:55:38] "[33mGET /api/careers/careers HTTP/1.1[0m" 404 -
INFO:werkzeug:127.0.0.1 - - [23/Feb/2026 16:55:38] "[33mGET /api/careers/fields HTTP/1.1[0m" 404 -
INFO:werkzeug:127.0.0.1 - - [23/Feb/2026 16:55:38] "[33mGET /api/careers/careers HTTP/1.1[0m" 404 -
INFO:werkzeug:127.0.0.1 - - [23/Feb/2026 16:58:40] "OPTIONS /api/Auth/signup HTTP/1.1" 200 -
INFO:sqlalchemy.engine.Engine:select pg_catalog.version()
INFO:sqlalchemy.engine.Engine:[raw sql] {}
INFO:sqlalchemy.engine.Engine:select current_schema()
INFO:sqlalchemy.engine.Engine:[raw sql] {}
INFO:sqlalchemy.engine.Engine:show standard_conforming_strings
INFO:sqlalchemy.engine.Engine:[raw sql] {}
INFO:sqlalchemy.engine.Engine:BEGIN (implicit)
INFO:sqlalchemy.engine.Engine:SELECT "Users".id AS "Users_id", "Users".user_type AS "Users_user_type", "Users".first_name AS "Users_first_name", "Users".second_name AS "Users_second_name", "Users".email AS "Users_email", "Users".is_verified AS "Users_is_verified", "Users".domain_name AS "Users_domain_name", "Users".role AS "Users_role", "Users".reference_number AS "Users_reference_number", "Users".password_hash AS "Users_password_hash" 
FROM "Users" 
WHERE "Users".email = %(email_1)s 
 LIMIT %(param_1)s
INFO:sqlalchemy.engine.Engine:[generated in 0.00046s] {'email_1': 'abbyRency@gmail.com', 'param_1': 1}
INFO:sqlalchemy.engine.Engine:SELECT "DomainOwner".id AS "DomainOwner_id", "DomainOwner".user_type AS "DomainOwner_user_type", "DomainOwner".first_name AS "DomainOwner_first_name", "DomainOwner".last_name AS "DomainOwner_last_name", "DomainOwner".username AS "DomainOwner_username", "DomainOwner".is_verified AS "DomainOwner_is_verified", "DomainOwner".email AS "DomainOwner_email", "DomainOwner".domain_field AS "DomainOwner_domain_field", "DomainOwner".reference_number AS "DomainOwner_reference_number", "DomainOwner".password_hash AS "DomainOwner_password_hash" 
FROM "DomainOwner" 
WHERE "DomainOwner".email = %(email_1)s 
 LIMIT %(param_1)s
INFO:sqlalchemy.engine.Engine:[generated in 0.00035s] {'email_1': 'abbyRency@gmail.com', 'param_1': 1}
INFO:sqlalchemy.engine.Engine:SELECT "DomainOwner".id AS "DomainOwner_id", "DomainOwner".user_type AS "DomainOwner_user_type", "DomainOwner".first_name AS "DomainOwner_first_name", "DomainOwner".last_name AS "DomainOwner_last_name", "DomainOwner".username AS "DomainOwner_username", "DomainOwner".is_verified AS "DomainOwner_is_verified", "DomainOwner".email AS "DomainOwner_email", "DomainOwner".domain_field AS "DomainOwner_domain_field", "DomainOwner".reference_number AS "DomainOwner_reference_number", "DomainOwner".password_hash AS "DomainOwner_password_hash" 
FROM "DomainOwner" 
WHERE "DomainOwner".username = %(username_1)s 
 LIMIT %(param_1)s
INFO:sqlalchemy.engine.Engine:[generated in 0.00028s] {'username_1': 'Abby', 'param_1': 1}
INFO:sqlalchemy.engine.Engine:INSERT INTO "DomainOwner" (user_type, first_name, last_name, username, is_verified, email, domain_field, reference_number, password_hash) VALUES (%(user_type)s, %(first_name)s, %(last_name)s, %(username)s, %(is_verified)s, %(email)s, %(domain_field)s, %(reference_number)s, %(password_hash)s) RETURNING "DomainOwner".id
INFO:sqlalchemy.engine.Engine:[generated in 0.00027s] {'user_type': 'DomainOwner', 'first_name': 'Rency', 'last_name': 'Abby', 'username': 'Abby', 'is_verified': False, 'email': 'abbyRency@gmail.com', 'domain_field': 'Agriculture', 'reference_number': None, 'password_hash': 'scrypt:32768:8:1$oPNWu6dWeKhAKa7F$d9741ff329a6de13f1e0188047f18dca876b2c2ef4a00f1e715795f64897d08af2a1a2fe5c12bb1f0fd02665e48695d4985f75fb122ef97fb1c783d21de28505'}
INFO:sqlalchemy.engine.Engine:COMMIT
INFO:sqlalchemy.engine.Engine:BEGIN (implicit)
INFO:sqlalchemy.engine.Engine:SELECT "DomainOwner".id AS "DomainOwner_id", "DomainOwner".user_type AS "DomainOwner_user_type", "DomainOwner".first_name AS "DomainOwner_first_name", "DomainOwner".last_name AS "DomainOwner_last_name", "DomainOwner".username AS "DomainOwner_username", "DomainOwner".is_verified AS "DomainOwner_is_verified", "DomainOwner".email AS "DomainOwner_email", "DomainOwner".domain_field AS "DomainOwner_domain_field", "DomainOwner".reference_number AS "DomainOwner_reference_number", "DomainOwner".password_hash AS "DomainOwner_password_hash" 
FROM "DomainOwner" 
WHERE "DomainOwner".id = %(pk_1)s
INFO:sqlalchemy.engine.Engine:[generated in 0.00046s] {'pk_1': 27}
INFO:sqlalchemy.engine.Engine:ROLLBACK
INFO:werkzeug:127.0.0.1 - - [23/Feb/2026 16:58:41] "[35m[1mPOST /api/Auth/signup HTTP/1.1[0m" 201 -
INFO:sqlalchemy.engine.Engine:BEGIN (implicit)
INFO:sqlalchemy.engine.Engine:SELECT "DomainOwner".id AS "DomainOwner_id", "DomainOwner".user_type AS "DomainOwner_user_type", "DomainOwner".first_name AS "DomainOwner_first_name", "DomainOwner".last_name AS "DomainOwner_last_name", "DomainOwner".username AS "DomainOwner_username", "DomainOwner".is_verified AS "DomainOwner_is_verified", "DomainOwner".email AS "DomainOwner_email", "DomainOwner".domain_field AS "DomainOwner_domain_field", "DomainOwner".reference_number AS "DomainOwner_reference_number", "DomainOwner".password_hash AS "DomainOwner_password_hash" 
FROM "DomainOwner" 
WHERE "DomainOwner".email = %(email_1)s 
 LIMIT %(param_1)s
INFO:sqlalchemy.engine.Engine:[cached since 78.11s ago] {'email_1': 'abbyRency@gmail.com', 'param_1': 1}
INFO:sqlalchemy.engine.Engine:SELECT "Users".id AS "Users_id", "Users".user_type AS "Users_user_type", "Users".first_name AS "Users_first_name", "Users".second_name AS "Users_second_name", "Users".email AS "Users_email", "Users".is_verified AS "Users_is_verified", "Users".domain_name AS "Users_domain_name", "Users".role AS "Users_role", "Users".reference_number AS "Users_reference_number", "Users".password_hash AS "Users_password_hash" 
FROM "Users" 
WHERE "Users".email = %(email_1)s 
 LIMIT %(param_1)s
INFO:sqlalchemy.engine.Engine:[cached since 78.65s ago] {'email_1': 'abbyRency@gmail.com', 'param_1': 1}
INFO:sqlalchemy.engine.Engine:UPDATE "DomainOwner" SET is_verified=%(is_verified)s WHERE "DomainOwner".id = %(DomainOwner_id)s
INFO:sqlalchemy.engine.Engine:[generated in 0.00751s] {'is_verified': True, 'DomainOwner_id': 27}
INFO:sqlalchemy.engine.Engine:COMMIT
INFO:sqlalchemy.engine.Engine:BEGIN (implicit)
INFO:sqlalchemy.engine.Engine:SELECT "DomainOwner".id AS "DomainOwner_id", "DomainOwner".user_type AS "DomainOwner_user_type", "DomainOwner".first_name AS "DomainOwner_first_name", "DomainOwner".last_name AS "DomainOwner_last_name", "DomainOwner".username AS "DomainOwner_username", "DomainOwner".is_verified AS "DomainOwner_is_verified", "DomainOwner".email AS "DomainOwner_email", "DomainOwner".domain_field AS "DomainOwner_domain_field", "DomainOwner".reference_number AS "DomainOwner_reference_number", "DomainOwner".password_hash AS "DomainOwner_password_hash" 
FROM "DomainOwner" 
WHERE "DomainOwner".id = %(pk_1)s
INFO:sqlalchemy.engine.Engine:[cached since 78.7s ago] {'pk_1': 27}
INFO:sqlalchemy.engine.Engine:ROLLBACK
INFO:werkzeug:127.0.0.1 - - [23/Feb/2026 16:59:59] "[32mGET /api/Auth/confirm/ImFiYnlSZW5jeUBnbWFpbC5jb20i.aZxdEQ.0btB4DWmbEsdMUOIEiCJQxWVMbk HTTP/1.1[0m" 302 -
INFO:werkzeug:127.0.0.1 - - [23/Feb/2026 17:00:01] "[33mGET /api/careers/careers HTTP/1.1[0m" 404 -
INFO:werkzeug:127.0.0.1 - - [23/Feb/2026 17:00:01] "[33mGET /api/careers/fields HTTP/1.1[0m" 404 -
INFO:werkzeug:127.0.0.1 - - [23/Feb/2026 17:00:01] "[33mGET /api/careers/fields HTTP/1.1[0m" 404 -
INFO:werkzeug:127.0.0.1 - - [23/Feb/2026 17:00:01] "[33mGET /api/careers/careers HTTP/1.1[0m" 404 -
INFO:werkzeug:127.0.0.1 - - [23/Feb/2026 17:06:47] "OPTIONS /api/domain HTTP/1.1" 200 -
INFO:sqlalchemy.engine.Engine:BEGIN (implicit)
INFO:sqlalchemy.engine.Engine:SELECT "DomainOwner".id AS "DomainOwner_id", "DomainOwner".user_type AS "DomainOwner_user_type", "DomainOwner".first_name AS "DomainOwner_first_name", "DomainOwner".last_name AS "DomainOwner_last_name", "DomainOwner".username AS "DomainOwner_username", "DomainOwner".is_verified AS "DomainOwner_is_verified", "DomainOwner".email AS "DomainOwner_email", "DomainOwner".domain_field AS "DomainOwner_domain_field", "DomainOwner".reference_number AS "DomainOwner_reference_number", "DomainOwner".password_hash AS "DomainOwner_password_hash" 
FROM "DomainOwner" 
WHERE "DomainOwner".id = %(pk_1)s
INFO:sqlalchemy.engine.Engine:[generated in 0.00163s] {'pk_1': '27'}
INFO:sqlalchemy.engine.Engine:SELECT domain.id AS domain_id, domain.owner_id AS domain_owner_id, domain.domain_name AS domain_domain_name, domain.is_active AS domain_is_active, domain.total_budget AS domain_total_budget, domain.amount_paid AS domain_amount_paid, domain.deposit_amount AS domain_deposit_amount, domain.payment_status AS domain_payment_status, domain.target_goal AS domain_target_goal, domain.is_automated AS domain_is_automated, domain.reference_number AS domain_reference_number, domain.requirements AS domain_requirements 
FROM domain 
WHERE domain.domain_name = %(domain_name_1)s 
 LIMIT %(param_1)s
INFO:sqlalchemy.engine.Engine:[generated in 0.00083s] {'domain_name_1': 'OneAcre Fund ', 'param_1': 1}
INFO:sqlalchemy.engine.Engine:INSERT INTO domain (owner_id, domain_name, is_active, total_budget, amount_paid, deposit_amount, payment_status, target_goal, is_automated, reference_number, requirements) VALUES (%(owner_id)s, %(domain_name)s, %(is_active)s, %(total_budget)s, %(amount_paid)s, %(deposit_amount)s, %(payment_status)s, %(target_goal)s, %(is_automated)s, %(reference_number)s, %(requirements)s) RETURNING domain.id
INFO:sqlalchemy.engine.Engine:[generated in 0.00054s] {'owner_id': '27', 'domain_name': 'OneAcre Fund ', 'is_active': False, 'total_budget': 20000, 'amount_paid': 0.0, 'deposit_amount': 6000.0, 'payment_status': 'Unpaid', 'target_goal': 1000, 'is_automated': False, 'reference_number': 'ONEA--6XPMLC', 'requirements': 'It should be specifically for elgeyo Markwet \n'}
INFO:sqlalchemy.engine.Engine:UPDATE "DomainOwner" SET reference_number=%(reference_number)s WHERE "DomainOwner".id = %(DomainOwner_id)s
INFO:sqlalchemy.engine.Engine:[generated in 0.00039s] {'reference_number': 'ONEA--6XPMLC', 'DomainOwner_id': 27}
INFO:sqlalchemy.engine.Engine:INSERT INTO domain_features (name, domain_id) SELECT p0::VARCHAR, p1::INTEGER FROM (VALUES (%(name__0)s, %(domain_id__0)s, 0), (%(name__1)s, %(domain_id__1)s, 1), (%(name__2)s, %(domain_id__2)s, 2), (%(name__3)s, %(domain_id__3)s, 3), (%(name__4)s, %(domain_id__4)s, 4)) AS imp_sen(p0, p1, sen_counter) ORDER BY sen_counter RETURNING domain_features.id, domain_features.id AS id__1
INFO:sqlalchemy.engine.Engine:[generated in 0.00012s (insertmanyvalues) 1/1 (ordered)] {'domain_id__0': 13, 'name__0': 'price', 'domain_id__1': 13, 'name__1': 'Location', 'domain_id__2': 13, 'name__2': 'Variety', 'domain_id__3': 13, 'name__3': 'age of the farmer', 'domain_id__4': 13, 'name__4': 'Size of the land'}
INFO:sqlalchemy.engine.Engine:COMMIT
INFO:sqlalchemy.engine.Engine:BEGIN (implicit)
INFO:sqlalchemy.engine.Engine:SELECT domain.id AS domain_id, domain.owner_id AS domain_owner_id, domain.domain_name AS domain_domain_name, domain.is_active AS domain_is_active, domain.total_budget AS domain_total_budget, domain.amount_paid AS domain_amount_paid, domain.deposit_amount AS domain_deposit_amount, domain.payment_status AS domain_payment_status, domain.target_goal AS domain_target_goal, domain.is_automated AS domain_is_automated, domain.reference_number AS domain_reference_number, domain.requirements AS domain_requirements 
FROM domain 
WHERE domain.id = %(pk_1)s
INFO:sqlalchemy.engine.Engine:[generated in 0.00019s] {'pk_1': 13}
INFO:sqlalchemy.engine.Engine:ROLLBACK
INFO:werkzeug:127.0.0.1 - - [23/Feb/2026 17:06:47] "[35m[1mPOST /api/domain HTTP/1.1[0m" 201 -
INFO:werkzeug:127.0.0.1 - - [23/Feb/2026 17:08:32] "OPTIONS /api/main/pay/initiate HTTP/1.1" 200 -
INFO:sqlalchemy.engine.Engine:BEGIN (implicit)
INFO:sqlalchemy.engine.Engine:SELECT domain.id AS domain_id, domain.owner_id AS domain_owner_id, domain.domain_name AS domain_domain_name, domain.is_active AS domain_is_active, domain.total_budget AS domain_total_budget, domain.amount_paid AS domain_amount_paid, domain.deposit_amount AS domain_deposit_amount, domain.payment_status AS domain_payment_status, domain.target_goal AS domain_target_goal, domain.is_automated AS domain_is_automated, domain.reference_number AS domain_reference_number, domain.requirements AS domain_requirements 
FROM domain 
WHERE domain.id = %(pk_1)s
INFO:sqlalchemy.engine.Engine:[generated in 0.00032s] {'pk_1': 13}
INFO:sqlalchemy.engine.Engine:SELECT payment.id AS payment_id, payment.domain_id AS payment_domain_id, payment.provider_id AS payment_provider_id, payment.transaction_ref AS payment_transaction_ref, payment.checkout_request_id AS payment_checkout_request_id, payment.amount AS payment_amount, payment.currency AS payment_currency, payment.payment_type AS payment_payment_type, payment.phone_number AS payment_phone_number, payment.status AS payment_status, payment.created_at AS payment_created_at, payment.processed_at AS payment_processed_at, payment.attempts AS payment_attempts 
FROM payment 
WHERE payment.transaction_ref = %(transaction_ref_1)s 
 LIMIT %(param_1)s
INFO:sqlalchemy.engine.Engine:[generated in 0.00032s] {'transaction_ref_1': 'SEMA13-1771855712', 'param_1': 1}
INFO:sqlalchemy.engine.Engine:INSERT INTO payment (domain_id, provider_id, transaction_ref, checkout_request_id, amount, currency, payment_type, phone_number, status, created_at, processed_at, attempts) VALUES (%(domain_id)s, %(provider_id)s, %(transaction_ref)s, %(checkout_request_id)s, %(amount)s, %(currency)s, %(payment_type)s, %(phone_number)s, %(status)s, %(created_at)s, %(processed_at)s, %(attempts)s) RETURNING payment.id
INFO:sqlalchemy.engine.Engine:[generated in 0.00037s] {'domain_id': 13, 'provider_id': None, 'transaction_ref': 'SEMA13-1771855712', 'checkout_request_id': None, 'amount': 6000.0, 'currency': 'USD', 'payment_type': None, 'phone_number': '254113165657', 'status': 'Pending', 'created_at': datetime.datetime(2026, 2, 23, 14, 8, 32, 595881), 'processed_at': None, 'attempts': 0}
INFO:sqlalchemy.engine.Engine:COMMIT
ERROR:root:Failed to fetch Mpesa Token: 400 Client Error: Bad Request for url: https://sandbox.safaricom.co.ke/oauth/v1/generate?grant_type=client_credentials
ERROR:semaData:Failed to create payment for domain 13
Traceback (most recent call last):
  File "/home/grace/Desktop/projects/semaData/Backend/routes/main/payment.py", line 75, in initiate_payment
    if stk_response.get('ResponseCode') == '0':
       ^^^^^^^^^^^^^^^^
AttributeError: 'tuple' object has no attribute 'get'
INFO:werkzeug:127.0.0.1 - - [23/Feb/2026 17:08:33] "[35m[1mPOST /api/main/pay/initiate HTTP/1.1[0m" 500 -
INFO:werkzeug:127.0.0.1 - - [23/Feb/2026 17:09:26] "OPTIONS /api/main/pay/initiate HTTP/1.1" 200 -
INFO:sqlalchemy.engine.Engine:BEGIN (implicit)
INFO:sqlalchemy.engine.Engine:SELECT domain.id AS domain_id, domain.owner_id AS domain_owner_id, domain.domain_name AS domain_domain_name, domain.is_active AS domain_is_active, domain.total_budget AS domain_total_budget, domain.amount_paid AS domain_amount_paid, domain.deposit_amount AS domain_deposit_amount, domain.payment_status AS domain_payment_status, domain.target_goal AS domain_target_goal, domain.is_automated AS domain_is_automated, domain.reference_number AS domain_reference_number, domain.requirements AS domain_requirements 
FROM domain 
WHERE domain.id = %(pk_1)s
INFO:sqlalchemy.engine.Engine:[cached since 53.87s ago] {'pk_1': 13}
INFO:sqlalchemy.engine.Engine:SELECT payment.id AS payment_id, payment.domain_id AS payment_domain_id, payment.provider_id AS payment_provider_id, payment.transaction_ref AS payment_transaction_ref, payment.checkout_request_id AS payment_checkout_request_id, payment.amount AS payment_amount, payment.currency AS payment_currency, payment.payment_type AS payment_payment_type, payment.phone_number AS payment_phone_number, payment.status AS payment_status, payment.created_at AS payment_created_at, payment.processed_at AS payment_processed_at, payment.attempts AS payment_attempts 
FROM payment 
WHERE payment.transaction_ref = %(transaction_ref_1)s 
 LIMIT %(param_1)s
INFO:sqlalchemy.engine.Engine:[cached since 53.87s ago] {'transaction_ref_1': 'SEMA13-1771855766', 'param_1': 1}
INFO:sqlalchemy.engine.Engine:INSERT INTO payment (domain_id, provider_id, transaction_ref, checkout_request_id, amount, currency, payment_type, phone_number, status, created_at, processed_at, attempts) VALUES (%(domain_id)s, %(provider_id)s, %(transaction_ref)s, %(checkout_request_id)s, %(amount)s, %(currency)s, %(payment_type)s, %(phone_number)s, %(status)s, %(created_at)s, %(processed_at)s, %(attempts)s) RETURNING payment.id
INFO:sqlalchemy.engine.Engine:[cached since 53.84s ago] {'domain_id': 13, 'provider_id': None, 'transaction_ref': 'SEMA13-1771855766', 'checkout_request_id': None, 'amount': 6000.0, 'currency': 'USD', 'payment_type': None, 'phone_number': '254113165657', 'status': 'Pending', 'created_at': datetime.datetime(2026, 2, 23, 14, 9, 26, 434752), 'processed_at': None, 'attempts': 0}
INFO:sqlalchemy.engine.Engine:COMMIT
ERROR:root:Failed to fetch Mpesa Token: 400 Client Error: Bad Request for url: https://sandbox.safaricom.co.ke/oauth/v1/generate?grant_type=client_credentials
ERROR:semaData:Failed to create payment for domain 13
Traceback (most recent call last):
  File "/home/grace/Desktop/projects/semaData/Backend/routes/main/payment.py", line 75, in initiate_payment
    if stk_response.get('ResponseCode') == '0':
       ^^^^^^^^^^^^^^^^
AttributeError: 'tuple' object has no attribute 'get'
INFO:werkzeug:127.0.0.1 - - [23/Feb/2026 17:09:27] "[35m[1mPOST /api/main/pay/initiate HTTP/1.1[0m" 500 -
INFO:werkzeug:127.0.0.1 - - [23/Feb/2026 17:20:40] "OPTIONS /api/Auth/signup HTTP/1.1" 200 -
INFO:sqlalchemy.engine.Engine:BEGIN (implicit)
INFO:sqlalchemy.engine.Engine:SELECT "Users".id AS "Users_id", "Users".user_type AS "Users_user_type", "Users".first_name AS "Users_first_name", "Users".second_name AS "Users_second_name", "Users".email AS "Users_email", "Users".is_verified AS "Users_is_verified", "Users".domain_name AS "Users_domain_name", "Users".role AS "Users_role", "Users".reference_number AS "Users_reference_number", "Users".password_hash AS "Users_password_hash" 
FROM "Users" 
WHERE "Users".email = %(email_1)s 
 LIMIT %(param_1)s
INFO:sqlalchemy.engine.Engine:[cached since 1319s ago] {'email_1': 'nainai@gmail.com', 'param_1': 1}
INFO:sqlalchemy.engine.Engine:SELECT "DomainOwner".id AS "DomainOwner_id", "DomainOwner".user_type AS "DomainOwner_user_type", "DomainOwner".first_name AS "DomainOwner_first_name", "DomainOwner".last_name AS "DomainOwner_last_name", "DomainOwner".username AS "DomainOwner_username", "DomainOwner".is_verified AS "DomainOwner_is_verified", "DomainOwner".email AS "DomainOwner_email", "DomainOwner".domain_field AS "DomainOwner_domain_field", "DomainOwner".reference_number AS "DomainOwner_reference_number", "DomainOwner".password_hash AS "DomainOwner_password_hash" 
FROM "DomainOwner" 
WHERE "DomainOwner".email = %(email_1)s 
 LIMIT %(param_1)s
INFO:sqlalchemy.engine.Engine:[cached since 1319s ago] {'email_1': 'nainai@gmail.com', 'param_1': 1}
INFO:sqlalchemy.engine.Engine:SELECT domain.id AS domain_id, domain.owner_id AS domain_owner_id, domain.domain_name AS domain_domain_name, domain.is_active AS domain_is_active, domain.total_budget AS domain_total_budget, domain.amount_paid AS domain_amount_paid, domain.deposit_amount AS domain_deposit_amount, domain.payment_status AS domain_payment_status, domain.target_goal AS domain_target_goal, domain.is_automated AS domain_is_automated, domain.reference_number AS domain_reference_number, domain.requirements AS domain_requirements 
FROM domain 
WHERE domain.reference_number = %(reference_number_1)s 
 LIMIT %(param_1)s
INFO:sqlalchemy.engine.Engine:[generated in 0.00048s] {'reference_number_1': 'ONEA--6XPMLC', 'param_1': 1}
INFO:sqlalchemy.engine.Engine:SELECT job_applications.id AS job_applications_id, job_applications.job_id AS job_applications_job_id, job_applications.email AS job_applications_email, job_applications.applicant_id AS job_applications_applicant_id, job_applications.cover_letter AS job_applications_cover_letter, job_applications.cv_file_path AS job_applications_cv_file_path, job_applications.relevant_experience AS job_applications_relevant_experience, job_applications.self_assessment_skills AS job_applications_self_assessment_skills, job_applications.status AS job_applications_status, job_applications.applied_at AS job_applications_applied_at, job_applications.reviewed_at AS job_applications_reviewed_at, job_applications.reviewed_by_id AS job_applications_reviewed_by_id, job_applications.rejection_reason AS job_applications_rejection_reason, job_applications.approval_notes AS job_applications_approval_notes, job_applications.reference_number_assigned AS job_applications_reference_number_assigned, job_applications.assigned_user_id AS job_applications_assigned_user_id 
FROM job_applications 
WHERE job_applications.email = %(email_1)s AND job_applications.reference_number_assigned = %(reference_number_assigned_1)s AND job_applications.status = %(status_1)s 
 LIMIT %(param_1)s
INFO:sqlalchemy.engine.Engine:[generated in 0.00043s] {'email_1': 'nainai@gmail.com', 'reference_number_assigned_1': 'ONEA--6XPMLC', 'status_1': 'approved', 'param_1': 1}
INFO:sqlalchemy.engine.Engine:ROLLBACK
INFO:werkzeug:127.0.0.1 - - [23/Feb/2026 17:20:40] "[31m[1mPOST /api/Auth/signup HTTP/1.1[0m" 400 -
INFO:werkzeug:127.0.0.1 - - [23/Feb/2026 17:22:49] "[33mGET /api/careers/fields HTTP/1.1[0m" 404 -
INFO:werkzeug:127.0.0.1 - - [23/Feb/2026 17:22:49] "[33mGET /api/careers/careers HTTP/1.1[0m" 404 -
INFO:werkzeug:127.0.0.1 - - [23/Feb/2026 17:22:49] "[33mGET /api/careers/fields HTTP/1.1[0m" 404 -
INFO:werkzeug:127.0.0.1 - - [23/Feb/2026 17:22:49] "[33mGET /api/careers/careers HTTP/1.1[0m" 404 -
